product_id,product_name,category,subcategory,price,units_sold,revenue,avg_rating,return_rate_pct,launch_date
PRD1000,Product_0,Toys,Games,748.8,4273,3199622.4,4.23,2.81,2022-04-06
PRD1001,Product_1,Beauty,Skincare,4366.88,3729,16284095.52,3.57,2.83,2020-10-09
PRD1002,Product_2,Grocery,Staples,10473.52,4237,44376304.24,4.18,1.52,2021-08-13
PRD1003,Product_3,Toys,Kids,1423.96,3774,5374025.04,3.19,3.19,2020-03-12
PRD1004,Product_4,Home,Appliances,9153.63,592,5418948.96,3.27,10.13,2023-07-10
PRD1005,Product_5,Grocery,Beverages,29193.77,895,26128424.15,4.47,13.28,2021-12-03
PRD1006,Product_6,Grocery,Snacks,21129.09,3653,77184565.77,3.62,12.3,2021-07-28
PRD1007,Product_7,Toys,Games,44644.32,3086,137772371.52,4.5,10.43,2022-09-26
PRD1008,Product_8,Fashion,Accessories,40890.43,2544,104025253.92,4.56,2.1,2022-06-10
PRD1009,Product_9,Home,Furniture,17156.69,4535,77805589.15,4.64,4.69,2020-01-12
PRD1010,Product_10,Toys,Kids,13045.23,2769,36122241.87,4.79,4.99,2020-05-20
PRD1011,Product_11,Home,Appliances,19046.65,1934,36836221.1,3.58,4.12,2020-01-17
PRD1012,Product_12,Home,Furniture,29555.72,4188,123779355.36,3.3,7.97,2022-12-22
PRD1013,Product_13,Grocery,Beverages,13476.38,4399,59282595.62,3.96,8.27,2020-09-09
PRD1014,Product_14,Beauty,Skincare,31245.03,3251,101577592.53,3.43,5.67,2021-04-09
PRD1015,Product_15,Home,Kitchen,20529.64,2760,56661806.4,4.0,5.63,2021-01-10
PRD1016,Product_16,Sports,Gym,27647.15,2003,55377241.45,4.26,12.51,2022-09-07
PRD1017,Product_17,Grocery,Frozen,21862.71,4787,104656792.77,4.22,11.94,2021-06-03
PRD1018,Product_18,Fashion,Men,14793.84,3900,57695976.0,3.44,4.96,2020-03-30
PRD1019,Product_19,Beauty,Fragrance,47427.82,739,35049158.98,2.92,13.75,2021-12-20
PRD1020,Product_20,Sports,Outdoor,38203.93,2000,76407860.0,3.58,14.32,2022-03-14
PRD1021,Product_21,Sports,Outdoor,7091.65,506,3588374.9,2.86,5.24,2022-03-06
PRD1022,Product_22,Fashion,Footwear,43436.55,2180,94691679.0,4.73,5.64,2021-09-21
PRD1023,Product_23,Beauty,Skincare,24422.82,4026,98326273.32,3.36,7.83,2023-04-13
PRD1024,Product_24,Grocery,Frozen,44738.16,4294,192105659.04,2.89,14.15,2020-03-16
PRD1025,Product_25,Electronics,Wearables,40012.78,1229,49175706.62,2.56,13.21,2022-07-14
PRD1026,Product_26,Beauty,Makeup,21318.15,4335,92414180.25,4.11,1.99,2021-02-03
PRD1027,Product_27,Fashion,Accessories,1221.22,3615,4414710.3,4.09,6.19,2022-08-27
PRD1028,Product_28,Sports,Outdoor,13507.0,932,12588524.0,3.35,8.52,2022-12-30
PRD1029,Product_29,Grocery,Frozen,27127.55,449,12180269.95,2.68,7.8,2023-04-18
PRD1030,Product_30,Beauty,Makeup,31710.56,658,20865548.48,3.52,3.31,2023-02-21
PRD1031,Product_31,Electronics,Accessories,12968.6,1688,21890996.8,3.28,12.95,2023-11-05
PRD1032,Product_32,Electronics,Audio,7053.87,2198,15504406.26,4.19,10.32,2023-08-09
PRD1033,Product_33,Home,Furniture,41763.02,1432,59804644.64,4.01,12.65,2022-03-07
PRD1034,Product_34,Home,Kitchen,49221.67,1453,71519086.51,3.41,12.95,2020-07-13
PRD1035,Product_35,Toys,Games,26331.94,869,22882455.86,3.04,11.35,2020-08-15
PRD1036,Product_36,Fashion,Men,8666.8,3342,28964445.6,4.97,6.87,2023-12-25
PRD1037,Product_37,Beauty,Skincare,13688.14,869,11894993.66,3.64,9.35,2023-12-30
PRD1038,Product_38,Beauty,Haircare,1017.69,469,477296.61,4.22,2.83,2021-04-05
PRD1039,Product_39,Toys,Games,45723.51,4269,195193664.19,2.85,10.27,2021-09-09
PRD1040,Product_40,Sports,Team Sports,5975.78,4567,27291387.26,3.71,3.1,2022-11-10
PRD1041,Product_41,Sports,Outdoor,28868.17,3352,96766105.84,2.57,10.56,2020-03-04
PRD1042,Product_42,Toys,Kids,13775.36,1558,21462010.88,3.76,3.83,2020-06-13
PRD1043,Product_43,Sports,Gym,27753.48,817,22674593.16,4.91,2.2,2020-01-27
PRD1044,Product_44,Home,Kitchen,32605.88,2094,68276712.72,3.46,2.9,2023-08-27
PRD1045,Product_45,Beauty,Makeup,41504.12,2189,90852518.68,2.6,0.53,2022-10-08
PRD1046,Product_46,Toys,Soft Toys,10400.42,3079,32022893.18,2.58,10.92,2020-10-11
PRD1047,Product_47,Beauty,Makeup,648.69,1599,1037255.31,3.47,11.12,2020-10-07
PRD1048,Product_48,Electronics,Mobiles,6930.59,1814,12572090.26,2.9,7.97,2022-04-17
PRD1049,Product_49,Home,Decor,45010.93,2695,121304456.35,2.56,2.84,2022-04-10
PRD1050,Product_50,Grocery,Frozen,43707.11,3766,164600976.26,4.39,1.71,2023-04-02
PRD1051,Product_51,Home,Kitchen,29910.91,4655,139235286.05,3.65,0.78,2022-07-06
PRD1052,Product_52,Toys,Soft Toys,30065.79,4531,136228094.49,3.22,2.9,2020-08-11
PRD1053,Product_53,Grocery,Frozen,33285.33,2343,77987528.19,4.75,13.42,2022-02-22
PRD1054,Product_54,Electronics,Audio,8851.03,4887,43254983.61,2.79,4.0,2023-03-15
PRD1055,Product_55,Toys,Soft Toys,45729.16,2758,126121023.28,4.89,5.64,2022-08-22
PRD1056,Product_56,Fashion,Accessories,20996.65,950,19946817.5,3.28,2.03,2022-08-07
PRD1057,Product_57,Beauty,Skincare,19218.61,3134,60231123.74,4.72,3.72,2022-11-19
PRD1058,Product_58,Electronics,Laptops,25993.99,2059,53521625.41,4.01,8.03,2020-02-14
PRD1059,Product_59,Beauty,Fragrance,2443.6,291,711087.6,4.57,9.31,2021-04-15
PRD1060,Product_60,Sports,Gear,8397.54,2435,20448009.9,4.96,4.06,2020-02-03
PRD1061,Product_61,Fashion,Women,36927.88,4318,159454585.84,3.22,1.34,2021-10-14
PRD1062,Product_62,Fashion,Accessories,4231.65,721,3051019.65,4.9,6.17,2023-12-21
PRD1063,Product_63,Electronics,Laptops,30197.29,213,6432022.77,3.47,3.9,2022-04-09
PRD1064,Product_64,Fashion,Accessories,12342.92,514,6344260.88,3.46,3.68,2020-08-08
PRD1065,Product_65,Grocery,Beverages,19525.85,3092,60373928.2,3.35,14.42,2021-06-17
PRD1066,Product_66,Fashion,Accessories,14505.82,4642,67336016.44,3.85,9.44,2021-11-22
PRD1067,Product_67,Beauty,Fragrance,17848.07,4845,86473899.15,2.89,8.57,2023-10-22
PRD1068,Product_68,Beauty,Skincare,35980.39,2492,89663131.88,3.88,6.53,2022-07-20
PRD1069,Product_69,Toys,Kids,14926.37,4848,72363041.76,3.85,6.72,2022-04-20
PRD1070,Product_70,Beauty,Fragrance,28363.59,2405,68214433.95,4.4,8.34,2022-10-07
PRD1071,Product_71,Toys,Soft Toys,23854.92,4328,103244093.76,4.58,10.6,2021-08-04
PRD1072,Product_72,Beauty,Makeup,33217.19,4774,158578865.06,3.6,10.68,2023-02-13
PRD1073,Product_73,Grocery,Beverages,46847.8,2607,122132214.6,3.26,2.99,2020-08-26
PRD1074,Product_74,Toys,Games,36655.35,595,21809933.25,3.15,7.75,2023-09-20
PRD1075,Product_75,Home,Furniture,10825.52,4769,51626904.88,2.99,6.47,2021-03-16
PRD1076,Product_76,Sports,Outdoor,1656.04,3885,6433715.4,2.64,13.12,2020-05-27
PRD1077,Product_77,Electronics,Mobiles,13186.98,643,8479228.14,3.36,9.66,2022-10-29
PRD1078,Product_78,Beauty,Skincare,29794.39,4889,145664772.71,3.18,8.22,2023-08-04
PRD1079,Product_79,Fashion,Accessories,2666.15,3854,10275342.1,4.92,2.17,2021-01-22
PRD1080,Product_80,Beauty,Skincare,24868.68,1509,37526838.12,3.89,9.28,2022-12-09
PRD1081,Product_81,Fashion,Accessories,29882.46,3543,105873555.78,3.37,2.2,2022-07-04
PRD1082,Product_82,Sports,Gear,16778.77,2651,44480519.27,3.95,5.39,2021-09-29
PRD1083,Product_83,Sports,Outdoor,38568.52,2494,96189888.88,2.85,2.57,2020-10-04
PRD1084,Product_84,Sports,Outdoor,5419.25,2722,14751198.5,3.61,10.54,2022-09-15
PRD1085,Product_85,Fashion,Women,3849.38,4250,16359865.0,4.07,3.49,2023-08-16
PRD1086,Product_86,Beauty,Makeup,36436.62,66,2404816.92,3.72,6.18,2021-08-11
PRD1087,Product_87,Sports,Outdoor,24825.02,3241,80457889.82,3.5,13.49,2021-10-10
PRD1088,Product_88,Grocery,Beverages,34451.28,442,15227465.76,4.98,3.46,2021-09-09
PRD1089,Product_89,Toys,Educational,21797.88,474,10332195.12,4.7,7.86,2020-05-14
PRD1090,Product_90,Fashion,Footwear,12395.46,621,7697580.66,4.06,6.58,2021-08-02
PRD1091,Product_91,Fashion,Accessories,40973.21,3681,150822386.01,3.92,0.76,2023-03-16
PRD1092,Product_92,Beauty,Skincare,39990.85,1170,46789294.5,4.05,11.99,2021-05-04
PRD1093,Product_93,Fashion,Footwear,34765.35,291,10116716.85,3.0,1.5,2021-04-22
PRD1094,Product_94,Fashion,Men,13680.04,3947,53995117.88,3.49,7.38,2023-03-28
PRD1095,Product_95,Sports,Gym,29552.51,4145,122495153.95,2.6,8.63,2021-01-18
PRD1096,Product_96,Beauty,Haircare,18112.6,2329,42184245.4,3.69,9.61,2020-06-11
PRD1097,Product_97,Sports,Gear,4669.95,838,3913418.1,3.86,10.49,2021-03-16
PRD1098,Product_98,Toys,Educational,45873.95,764,35047697.8,3.07,4.17,2023-04-27
PRD1099,Product_99,Toys,Educational,6927.25,4904,33971234.0,4.91,0.64,2021-02-18
PRD1100,Product_100,Sports,Team Sports,47516.84,2899,137751319.16,4.77,10.99,2023-09-24
PRD1101,Product_101,Toys,Kids,22355.69,825,18443444.25,4.31,8.27,2023-04-19
PRD1102,Product_102,Beauty,Skincare,9338.13,4076,38062217.88,3.83,12.62,2020-10-14
PRD1103,Product_103,Electronics,Mobiles,27140.86,2297,62342555.42,4.67,12.41,2020-07-05
PRD1104,Product_104,Sports,Gym,43660.0,128,5588480.0,2.83,12.73,2023-03-07
PRD1105,Product_105,Grocery,Snacks,36638.02,3976,145672767.52,4.48,7.53,2020-05-09
PRD1106,Product_106,Grocery,Beverages,40347.4,905,36514397.0,2.81,5.34,2020-07-12
PRD1107,Product_107,Fashion,Accessories,32973.29,2198,72475291.42,4.49,11.98,2020-11-11
PRD1108,Product_108,Toys,Games,34644.6,1081,37450812.6,3.19,7.04,2020-05-23
PRD1109,Product_109,Grocery,Snacks,42474.86,4990,211949551.4,4.69,3.16,2020-01-16
PRD1110,Product_110,Fashion,Footwear,12558.43,3321,41706546.03,4.86,12.9,2023-08-18
PRD1111,Product_111,Electronics,Wearables,24522.31,3626,88917896.06,2.87,13.3,2021-02-26
PRD1112,Product_112,Beauty,Haircare,11138.35,4232,47137497.2,3.66,7.26,2020-09-01
PRD1113,Product_113,Beauty,Makeup,49384.63,3506,173142512.78,4.95,1.6,2022-07-15
PRD1114,Product_114,Beauty,Skincare,47208.56,3556,167873639.36,3.71,6.12,2023-02-04
PRD1115,Product_115,Grocery,Beverages,2067.4,457,944801.8,4.66,12.15,2023-01-16
PRD1116,Product_116,Electronics,Accessories,35308.2,2761,97485940.2,3.97,13.58,2020-05-08
PRD1117,Product_117,Grocery,Staples,46269.89,3138,145194914.82,3.44,3.45,2022-06-25
PRD1118,Product_118,Toys,Kids,9110.71,1718,15652199.78,3.21,1.47,2022-06-05
PRD1119,Product_119,Grocery,Snacks,28440.47,197,5602772.59,3.01,13.22,2020-12-06
PRD1120,Product_120,Electronics,Mobiles,45782.87,4377,200391621.99,4.4,6.15,2020-01-04
PRD1121,Product_121,Electronics,Laptops,1793.9,3947,7080523.3,3.47,8.36,2023-09-12
PRD1122,Product_122,Toys,Kids,34901.27,2000,69802540.0,3.78,14.54,2023-12-04
PRD1123,Product_123,Electronics,Accessories,14937.72,415,6199153.8,3.73,1.47,2020-11-01
PRD1124,Product_124,Electronics,Mobiles,46227.37,1724,79695985.88,3.94,9.9,2022-06-26
PRD1125,Product_125,Beauty,Skincare,48555.81,4581,222434165.61,4.66,1.57,2021-08-29
PRD1126,Product_126,Toys,Soft Toys,47218.9,4544,214562681.6,4.95,5.94,2023-06-02
PRD1127,Product_127,Home,Decor,23763.29,2596,61689500.84,3.52,12.16,2023-10-03
PRD1128,Product_128,Home,Kitchen,43115.93,612,26386949.16,4.57,6.79,2022-09-18
PRD1129,Product_129,Electronics,Audio,42243.01,3612,152581752.12,4.41,14.96,2020-11-16
PRD1130,Product_130,Home,Furniture,16023.11,2539,40682676.29,3.93,8.61,2021-07-12
PRD1131,Product_131,Home,Furniture,41462.88,822,34082487.36,4.89,5.16,2023-04-19
PRD1132,Product_132,Electronics,Wearables,1946.68,2087,4062721.16,3.0,3.69,2021-09-09
PRD1133,Product_133,Home,Kitchen,29853.87,3473,103682490.51,2.77,5.58,2021-12-11
PRD1134,Product_134,Grocery,Staples,11577.44,2617,30298160.48,4.63,5.9,2023-11-10
PRD1135,Product_135,Fashion,Men,6116.29,1623,9926738.67,3.6,1.5,2023-02-05
PRD1136,Product_136,Toys,Games,3939.96,3744,14751210.24,4.62,5.86,2021-06-14
PRD1137,Product_137,Fashion,Men,34844.81,3341,116416510.21,4.73,7.23,2021-02-13
PRD1138,Product_138,Electronics,Wearables,17059.76,1296,22109448.96,2.66,10.98,2023-08-12
PRD1139,Product_139,Beauty,Skincare,36265.86,3769,136686026.34,4.71,10.02,2022-03-28
PRD1140,Product_140,Toys,Educational,3361.28,3889,13072017.92,3.62,10.78,2023-04-09
PRD1141,Product_141,Electronics,Laptops,15832.99,409,6475692.91,3.78,0.62,2023-09-16
PRD1142,Product_142,Beauty,Makeup,27020.62,2426,65552024.12,4.07,3.66,2021-05-07
PRD1143,Product_143,Fashion,Men,39557.09,3059,121005138.31,4.82,10.09,2023-05-03
PRD1144,Product_144,Electronics,Wearables,16005.75,3043,48705497.25,2.55,7.52,2020-01-12
PRD1145,Product_145,Toys,Educational,31331.98,1012,31707963.76,3.69,0.58,2020-07-13
PRD1146,Product_146,Toys,Kids,44310.29,3682,163150487.78,4.22,12.17,2021-05-04
PRD1147,Product_147,Sports,Gym,30831.57,1877,57870856.89,4.31,11.71,2022-03-05
PRD1148,Product_148,Grocery,Snacks,11724.68,1663,19498142.84,4.23,8.45,2022-05-30
PRD1149,Product_149,Home,Decor,1317.6,1690,2226744.0,2.84,1.46,2020-06-30
PRD1150,Product_150,Beauty,Skincare,43517.93,2266,98611629.38,3.25,11.61,2022-08-19
PRD1151,Product_151,Sports,Outdoor,1161.34,4362,5065765.08,3.4,8.96,2021-10-17
PRD1152,Product_152,Home,Appliances,43747.61,427,18680229.47,4.51,11.84,2023-09-01
PRD1153,Product_153,Home,Kitchen,26493.96,4264,112970245.44,3.2,11.4,2021-11-24
PRD1154,Product_154,Electronics,Mobiles,46959.48,4335,203569345.8,3.03,12.14,2020-01-30
PRD1155,Product_155,Home,Furniture,39959.28,419,16742938.32,4.89,8.01,2023-01-24
PRD1156,Product_156,Grocery,Frozen,49896.91,2246,112068459.86,2.52,2.53,2023-11-05
PRD1157,Product_157,Toys,Soft Toys,17600.52,3797,66829174.44,4.99,10.23,2022-02-16
PRD1158,Product_158,Sports,Gym,38382.7,701,26906272.7,4.19,9.5,2021-03-19
PRD1159,Product_159,Home,Appliances,20156.35,819,16508050.65,4.57,11.26,2020-10-24
PRD1160,Product_160,Electronics,Laptops,24045.79,2471,59417147.09,3.24,2.96,2022-03-18
PRD1161,Product_161,Grocery,Beverages,31412.52,830,26072391.6,2.54,3.33,2022-04-24
PRD1162,Product_162,Fashion,Women,43696.49,1766,77168001.34,4.34,13.41,2022-10-12
PRD1163,Product_163,Toys,Educational,49205.77,4033,198446870.41,4.59,11.37,2023-10-16
PRD1164,Product_164,Toys,Educational,38436.84,1361,52312539.24,4.35,13.67,2023-10-29
PRD1165,Product_165,Sports,Team Sports,20946.56,3409,71406823.04,2.86,11.5,2021-07-07
PRD1166,Product_166,Toys,Games,21125.71,572,12083906.12,4.38,9.16,2020-10-29
PRD1167,Product_167,Home,Kitchen,36905.36,571,21072960.56,4.42,9.98,2021-02-24
PRD1168,Product_168,Electronics,Audio,12014.98,4928,59209821.44,4.15,13.39,2023-06-23
PRD1169,Product_169,Toys,Kids,5612.66,2370,13302004.2,4.42,8.89,2023-06-14
PRD1170,Product_170,Toys,Educational,17795.65,985,17528715.25,4.61,9.67,2020-07-03
PRD1171,Product_171,Fashion,Accessories,14433.23,2280,32907764.4,4.03,2.77,2021-04-12
PRD1172,Product_172,Fashion,Men,14885.78,4090,60882840.2,2.72,7.37,2022-01-23
PRD1173,Product_173,Beauty,Haircare,11757.03,4633,54470319.99,3.72,10.89,2020-12-28
PRD1174,Product_174,Grocery,Beverages,2200.45,4991,10982445.95,2.69,4.43,2023-07-30
PRD1175,Product_175,Home,Decor,991.91,3747,3716686.77,3.52,3.43,2020-12-01
PRD1176,Product_176,Toys,Kids,49387.35,2887,142581279.45,3.52,5.05,2020-06-10
PRD1177,Product_177,Toys,Kids,21445.88,4133,88635822.04,2.67,4.0,2023-03-29
PRD1178,Product_178,Electronics,Wearables,19277.9,2511,48406806.9,3.37,3.62,2024-02-06
PRD1179,Product_179,Beauty,Skincare,34014.4,3293,112009419.2,2.78,6.66,2023-09-07
PRD1180,Product_180,Grocery,Beverages,10990.87,3409,37467875.83,4.52,13.66,2020-01-12
PRD1181,Product_181,Beauty,Haircare,47503.06,735,34914749.1,4.87,7.85,2023-12-18
PRD1182,Product_182,Sports,Team Sports,39338.62,2210,86938350.2,2.68,3.22,2023-01-01
PRD1183,Product_183,Grocery,Staples,4561.61,4038,18419781.18,4.89,1.62,2021-08-10
PRD1184,Product_184,Toys,Games,20937.28,4116,86177844.48,3.81,10.59,2020-07-19
PRD1185,Product_185,Toys,Educational,43968.0,1617,71096256.0,3.25,6.05,2021-06-05
PRD1186,Product_186,Grocery,Frozen,47242.13,88,4157307.44,2.69,12.42,2021-05-19
PRD1187,Product_187,Toys,Soft Toys,23423.34,2594,60760143.96,3.75,10.06,2022-02-26
PRD1188,Product_188,Home,Kitchen,30709.23,4925,151242957.75,4.49,12.05,2022-11-28
PRD1189,Product_189,Grocery,Beverages,8434.99,1306,11016096.94,4.27,4.44,2020-02-29
PRD1190,Product_190,Beauty,Haircare,49559.31,3040,150660302.4,2.63,10.54,2021-07-31
PRD1191,Product_191,Grocery,Beverages,11660.42,2246,26189303.32,2.68,4.33,2020-11-16
PRD1192,Product_192,Toys,Educational,47142.32,3518,165846681.76,3.51,14.12,2023-12-29
PRD1193,Product_193,Home,Kitchen,32517.37,2758,89682906.46,3.24,9.73,2023-12-02
PRD1194,Product_194,Home,Decor,30426.07,351,10679550.57,3.08,5.21,2022-07-11
PRD1195,Product_195,Sports,Team Sports,25683.16,696,17875479.36,3.2,4.41,2023-11-10
PRD1196,Product_196,Beauty,Makeup,11610.42,4808,55822899.36,4.51,3.27,2021-07-22
PRD1197,Product_197,Fashion,Footwear,8908.75,1809,16115928.75,4.82,10.57,2023-01-06
PRD1198,Product_198,Fashion,Women,11102.26,4401,48861046.26,3.51,3.67,2023-05-02
PRD1199,Product_199,Grocery,Frozen,9403.27,647,6083915.69,4.77,9.13,2023-08-01
PRD1200,Product_200,Sports,Outdoor,39001.27,711,27729902.97,3.3,4.34,2021-06-10
PRD1201,Product_201,Electronics,Mobiles,17571.25,4380,76962075.0,3.69,10.1,2021-06-07
PRD1202,Product_202,Grocery,Frozen,2986.35,1418,4234644.3,3.07,12.32,2021-09-04
PRD1203,Product_203,Sports,Team Sports,48458.22,2631,127493576.82,4.1,11.78,2023-03-25
PRD1204,Product_204,Beauty,Fragrance,44200.92,3918,173179204.56,4.95,11.53,2023-09-25
PRD1205,Product_205,Beauty,Haircare,46394.84,3587,166418291.08,4.01,3.22,2020-05-04
PRD1206,Product_206,Beauty,Makeup,49745.9,4915,244501098.5,3.39,1.78,2022-05-20
PRD1207,Product_207,Beauty,Haircare,8777.37,4358,38251778.46,4.12,10.63,2020-10-06
PRD1208,Product_208,Beauty,Makeup,19872.48,4608,91572387.84,2.81,5.84,2022-07-05
PRD1209,Product_209,Sports,Outdoor,37936.1,332,12594785.2,4.72,6.77,2021-09-13
PRD1210,Product_210,Sports,Outdoor,34831.43,3728,129851571.04,3.76,0.95,2022-04-25
PRD1211,Product_211,Home,Furniture,7779.41,1536,11949173.76,3.62,4.26,2021-11-04
PRD1212,Product_212,Fashion,Accessories,40810.07,4132,168627209.24,3.96,0.99,2023-02-25
PRD1213,Product_213,Toys,Educational,11299.58,4233,47831122.14,4.06,13.25,2020-11-09
PRD1214,Product_214,Beauty,Fragrance,11268.5,510,5746935.0,2.68,4.03,2020-11-27
PRD1215,Product_215,Electronics,Mobiles,26895.02,2375,63875672.5,4.21,8.58,2023-03-19
PRD1216,Product_216,Toys,Educational,29687.7,3804,112932010.8,3.1,1.07,2024-01-17
PRD1217,Product_217,Sports,Outdoor,29046.3,2518,73138583.4,4.28,10.17,2020-02-05
PRD1218,Product_218,Electronics,Audio,4665.19,1774,8276047.06,4.56,5.18,2023-12-14
PRD1219,Product_219,Electronics,Audio,43885.3,1426,62580437.8,4.51,13.52,2022-11-11
PRD1220,Product_220,Electronics,Wearables,13353.44,2793,37296157.92,3.88,13.38,2020-07-24
PRD1221,Product_221,Home,Kitchen,6562.79,564,3701413.56,3.8,5.22,2021-09-30
PRD1222,Product_222,Sports,Gym,44448.53,752,33425294.56,2.86,13.56,2022-04-27
PRD1223,Product_223,Electronics,Wearables,47787.01,1703,81381278.03,4.44,14.94,2023-10-11
PRD1224,Product_224,Beauty,Haircare,43120.17,2116,91242279.72,3.18,12.47,2021-03-15
PRD1225,Product_225,Grocery,Snacks,40494.85,72,2915629.2,3.74,12.75,2021-12-29
PRD1226,Product_226,Electronics,Accessories,32796.57,2510,82319390.7,3.21,4.11,2023-01-24
PRD1227,Product_227,Home,Decor,27587.78,1354,37353854.12,2.83,8.86,2022-07-29
PRD1228,Product_228,Toys,Soft Toys,4440.64,3350,14876144.0,4.07,1.48,2020-06-12
PRD1229,Product_229,Sports,Team Sports,20481.82,411,8418028.02,2.64,1.88,2020-05-27
PRD1230,Product_230,Home,Decor,18697.16,3777,70619173.32,4.37,14.98,2020-10-20
PRD1231,Product_231,Electronics,Mobiles,13061.71,1334,17424321.14,3.29,5.24,2020-07-13
PRD1232,Product_232,Sports,Team Sports,36198.66,564,20416044.24,2.5,11.35,2021-10-24
PRD1233,Product_233,Grocery,Staples,24844.2,498,12372411.6,3.78,12.2,2021-04-24
PRD1234,Product_234,Electronics,Accessories,4144.21,1905,7894720.05,2.62,12.94,2020-05-02
PRD1235,Product_235,Home,Kitchen,11087.14,3612,40046749.68,3.19,14.97,2023-11-24
PRD1236,Product_236,Fashion,Accessories,34194.61,2570,87880147.7,4.27,4.0,2021-11-29
PRD1237,Product_237,Beauty,Fragrance,3898.93,3131,12207549.83,2.66,1.09,2022-08-22
PRD1238,Product_238,Toys,Soft Toys,42575.23,1478,62926189.94,4.6,6.46,2024-01-15
PRD1239,Product_239,Home,Appliances,24807.81,4017,99652972.77,2.51,2.39,2021-10-22
PRD1240,Product_240,Sports,Gear,24081.27,972,23406994.44,3.12,0.83,2023-02-01
PRD1241,Product_241,Electronics,Mobiles,29661.15,3187,94530085.05,4.35,5.73,2024-01-25
PRD1242,Product_242,Beauty,Makeup,41251.58,2209,91124740.22,3.29,11.86,2021-12-10
PRD1243,Product_243,Electronics,Accessories,17455.68,2597,45332400.96,2.75,8.71,2021-01-30
PRD1244,Product_244,Sports,Team Sports,33933.01,3029,102783087.29,3.4,5.04,2022-06-30
PRD1245,Product_245,Electronics,Wearables,28330.03,2331,66037299.93,3.18,9.99,2023-09-22
PRD1246,Product_246,Fashion,Accessories,13424.71,2699,36233292.29,4.61,3.86,2022-10-01
PRD1247,Product_247,Beauty,Haircare,43943.64,363,15951541.32,3.28,0.71,2023-03-11
PRD1248,Product_248,Beauty,Skincare,39891.56,2663,106231224.28,4.47,11.58,2020-11-12
PRD1249,Product_249,Sports,Gym,32956.75,3133,103253497.75,4.73,9.54,2023-11-25
PRD1250,Product_250,Toys,Games,42544.03,2306,98106533.18,3.58,11.55,2021-11-11
PRD1251,Product_251,Fashion,Footwear,43377.98,1087,47151864.26,4.77,1.06,2023-08-26
PRD1252,Product_252,Home,Furniture,35447.31,3539,125448030.09,3.44,12.64,2021-05-09
PRD1253,Product_253,Electronics,Wearables,41866.97,2684,112370947.48,4.91,9.48,2021-07-09
PRD1254,Product_254,Grocery,Beverages,34903.83,4033,140767146.39,2.72,8.67,2021-09-01
PRD1255,Product_255,Electronics,Audio,34039.02,1828,62223328.56,4.22,9.56,2020-04-18
PRD1256,Product_256,Electronics,Laptops,30968.71,3945,122171560.95,3.73,13.03,2021-01-06
PRD1257,Product_257,Home,Furniture,37660.56,1174,44213497.44,3.47,9.01,2022-05-04
PRD1258,Product_258,Electronics,Wearables,8014.39,747,5986749.33,4.08,8.92,2021-09-07
PRD1259,Product_259,Fashion,Women,44055.45,2229,98199598.05,4.26,14.86,2022-02-06
PRD1260,Product_260,Fashion,Men,43604.99,1454,63401655.46,2.51,11.47,2020-07-24
PRD1261,Product_261,Beauty,Skincare,1559.44,1093,1704467.92,2.92,6.91,2022-04-26
PRD1262,Product_262,Sports,Outdoor,41308.26,1979,81749046.54,4.28,10.76,2020-02-12
PRD1263,Product_263,Toys,Soft Toys,6530.61,1063,6942038.43,4.17,6.14,2022-05-14
PRD1264,Product_264,Grocery,Beverages,16822.43,276,4642990.68,4.92,3.82,2023-06-22
PRD1265,Product_265,Electronics,Laptops,37201.06,1878,69863590.68,4.4,9.15,2023-08-03
PRD1266,Product_266,Electronics,Mobiles,8121.92,4967,40341576.64,4.88,13.96,2023-10-10
PRD1267,Product_267,Home,Kitchen,40916.55,2073,84820008.15,4.26,13.97,2022-02-23
PRD1268,Product_268,Sports,Gym,41623.5,2502,104141997.0,3.25,5.46,2021-04-20
PRD1269,Product_269,Fashion,Men,25422.64,2135,54277336.4,2.76,8.15,2020-03-23
PRD1270,Product_270,Grocery,Staples,418.65,4333,1814010.45,4.45,3.57,2023-02-07
PRD1271,Product_271,Beauty,Skincare,14423.2,1130,16298216.0,4.11,14.94,2020-07-08
PRD1272,Product_272,Fashion,Women,30884.65,2370,73196620.5,2.62,14.73,2022-03-10
PRD1273,Product_273,Sports,Outdoor,49061.19,3240,158958255.6,3.4,9.92,2022-07-24
PRD1274,Product_274,Toys,Games,31627.49,2680,84761673.2,4.89,12.16,2020-09-07
PRD1275,Product_275,Beauty,Skincare,13064.2,2613,34136754.6,3.75,10.87,2020-10-17
PRD1276,Product_276,Toys,Educational,31736.88,3342,106064652.96,3.58,9.1,2023-05-09
PRD1277,Product_277,Home,Decor,27045.27,4671,126328456.17,3.64,1.27,2020-11-21
PRD1278,Product_278,Home,Appliances,39014.29,3636,141855958.44,3.02,7.09,2023-12-03
PRD1279,Product_279,Electronics,Accessories,5438.33,4481,24369156.73,3.42,10.28,2022-04-16
PRD1280,Product_280,Toys,Games,38075.29,2997,114111644.13,3.42,10.32,2021-05-22
PRD1281,Product_281,Sports,Gear,27109.2,4009,108680782.8,2.63,5.91,2021-12-31
PRD1282,Product_282,Grocery,Snacks,48153.3,2863,137862897.9,4.42,14.15,2020-03-12
PRD1283,Product_283,Beauty,Skincare,17159.42,2633,45180752.86,3.54,2.93,2023-06-24
PRD1284,Product_284,Fashion,Women,31667.83,211,6681912.13,4.56,7.76,2021-10-02
PRD1285,Product_285,Sports,Gear,46608.2,643,29969072.6,4.63,10.52,2022-07-28
PRD1286,Product_286,Sports,Outdoor,5215.24,3309,17257229.16,3.03,10.61,2021-08-30
PRD1287,Product_287,Home,Appliances,46867.7,4205,197078678.5,4.14,9.91,2021-07-19
PRD1288,Product_288,Toys,Kids,34425.5,3012,103689606.0,3.68,4.49,2023-09-29
PRD1289,Product_289,Electronics,Accessories,3485.07,3938,13724205.66,4.7,2.76,2020-02-23
PRD1290,Product_290,Electronics,Wearables,15118.08,3440,52006195.2,3.04,9.72,2021-06-11
PRD1291,Product_291,Beauty,Fragrance,35437.79,4551,161277382.29,4.19,9.19,2021-09-02
PRD1292,Product_292,Home,Decor,3460.8,713,2467550.4,4.02,3.1,2020-07-11
PRD1293,Product_293,Sports,Team Sports,29150.31,1182,34455666.42,3.24,10.72,2020-02-27
PRD1294,Product_294,Grocery,Staples,17359.56,591,10259499.96,2.84,7.1,2023-12-31
PRD1295,Product_295,Home,Appliances,31083.68,3024,93997048.32,4.13,10.18,2023-02-08
PRD1296,Product_296,Beauty,Haircare,2382.53,917,2184780.01,4.35,12.64,2020-05-08
PRD1297,Product_297,Beauty,Haircare,43589.69,2116,92235784.04,3.29,2.96,2021-12-06
PRD1298,Product_298,Home,Kitchen,48677.1,481,23413685.1,4.11,0.78,2022-05-01
PRD1299,Product_299,Beauty,Fragrance,48447.0,4885,236663595.0,3.49,11.8,2023-09-11
PRD1300,Product_300,Home,Decor,37507.63,4328,162333022.64,4.28,9.34,2020-01-08
PRD1301,Product_301,Fashion,Women,6591.3,1256,8278672.8,3.0,10.64,2020-01-29
PRD1302,Product_302,Home,Appliances,37937.33,2578,97802436.74,4.73,12.65,2023-02-09
PRD1303,Product_303,Toys,Educational,1326.89,1219,1617478.91,3.22,12.14,2022-08-04
PRD1304,Product_304,Home,Furniture,1203.97,880,1059493.6,3.42,14.43,2020-05-10
PRD1305,Product_305,Beauty,Haircare,16248.15,1701,27638103.15,2.65,8.27,2020-07-06
PRD1306,Product_306,Toys,Educational,24483.3,1186,29037193.8,2.78,7.58,2021-12-09
PRD1307,Product_307,Beauty,Makeup,38543.33,2860,110233923.8,3.79,6.33,2024-02-07
PRD1308,Product_308,Electronics,Accessories,34196.44,525,17953131.0,3.17,2.73,2023-10-19
PRD1309,Product_309,Electronics,Accessories,22350.55,2860,63922573.0,4.59,8.8,2023-05-12
PRD1310,Product_310,Toys,Games,13753.97,1376,18925462.72,2.54,4.52,2020-07-30
PRD1311,Product_311,Fashion,Footwear,49856.51,1069,53296609.19,3.45,13.86,2020-10-02
PRD1312,Product_312,Electronics,Accessories,21366.45,1886,40297124.7,3.34,8.96,2023-01-01
PRD1313,Product_313,Home,Decor,22624.21,4306,97419848.26,2.55,9.1,2020-08-30
PRD1314,Product_314,Beauty,Fragrance,8264.83,2498,20645545.34,2.81,5.65,2023-01-30
PRD1315,Product_315,Electronics,Wearables,39761.0,4343,172682023.0,3.53,1.25,2022-09-13
PRD1316,Product_316,Electronics,Laptops,34714.74,1333,46274748.42,3.73,0.96,2021-11-15
PRD1317,Product_317,Fashion,Women,11116.4,709,7881527.6,3.51,6.64,2020-06-19
PRD1318,Product_318,Toys,Educational,4210.81,2060,8674268.6,3.83,1.73,2021-10-14
PRD1319,Product_319,Toys,Games,34056.92,448,15257500.16,3.99,9.3,2020-07-06
PRD1320,Product_320,Sports,Team Sports,32760.11,1783,58411276.13,2.52,13.27,2024-01-04
PRD1321,Product_321,Fashion,Footwear,13735.65,2175,29875038.75,3.66,13.3,2023-01-14
PRD1322,Product_322,Home,Appliances,47548.09,2221,105604307.89,4.91,10.06,2024-02-08
PRD1323,Product_323,Toys,Kids,7637.79,124,947085.96,3.8,3.56,2020-02-21
PRD1324,Product_324,Beauty,Makeup,21673.51,4747,102884151.97,4.19,13.01,2020-04-20
PRD1325,Product_325,Fashion,Men,47186.43,3521,166143420.03,3.28,13.35,2022-05-26
PRD1326,Product_326,Electronics,Audio,21044.39,886,18645329.54,4.43,3.35,2022-12-02
PRD1327,Product_327,Beauty,Haircare,31962.44,549,17547379.56,4.43,11.19,2020-07-29
PRD1328,Product_328,Beauty,Makeup,19939.96,187,3728772.52,3.8,4.65,2023-05-08
PRD1329,Product_329,Electronics,Mobiles,13783.34,2147,29592830.98,4.94,12.14,2022-05-07
PRD1330,Product_330,Fashion,Men,49200.48,3746,184304998.08,2.81,14.96,2021-09-18
PRD1331,Product_331,Electronics,Laptops,20525.77,1935,39717364.95,2.54,0.94,2022-11-15
PRD1332,Product_332,Sports,Gym,44715.55,2807,125516548.85,4.43,13.51,2020-10-25
PRD1333,Product_333,Beauty,Fragrance,11574.73,3970,45951678.1,4.52,9.53,2023-01-05
PRD1334,Product_334,Grocery,Snacks,10733.92,1950,20931144.0,2.8,14.61,2022-07-12
PRD1335,Product_335,Grocery,Snacks,1653.59,2660,4398549.4,3.16,7.24,2020-05-16
PRD1336,Product_336,Home,Furniture,32618.17,4036,131646934.12,2.54,12.79,2022-11-09
PRD1337,Product_337,Toys,Soft Toys,18489.46,1499,27715700.54,3.23,1.4,2021-03-15
PRD1338,Product_338,Electronics,Mobiles,43231.48,596,25765962.08,4.43,5.36,2020-07-29
PRD1339,Product_339,Electronics,Audio,23713.17,4726,112068441.42,3.79,1.47,2022-01-21
PRD1340,Product_340,Home,Kitchen,48412.85,2053,99391581.05,3.37,14.64,2021-03-10
PRD1341,Product_341,Home,Decor,9357.72,2146,20081667.12,3.43,12.35,2022-02-18
PRD1342,Product_342,Home,Furniture,43444.3,753,32713557.9,2.5,12.86,2023-05-15
PRD1343,Product_343,Beauty,Skincare,38852.18,2453,95304397.54,3.25,14.1,2021-03-14
PRD1344,Product_344,Sports,Gym,38569.0,1675,64603075.0,4.12,1.73,2021-10-27
PRD1345,Product_345,Electronics,Audio,42254.68,3381,142863073.08,4.94,6.09,2022-12-01
PRD1346,Product_346,Beauty,Makeup,38075.1,4783,182113203.3,4.62,1.53,2021-02-14
PRD1347,Product_347,Home,Kitchen,31348.39,3028,94922924.92,2.56,3.56,2022-03-16
PRD1348,Product_348,Electronics,Laptops,6649.12,4786,31822688.32,4.75,3.83,2021-09-01
PRD1349,Product_349,Beauty,Makeup,1723.06,2889,4977920.34,4.46,7.3,2021-03-02
PRD1350,Product_350,Sports,Gear,46050.31,3434,158136764.54,4.45,4.39,2023-07-22
PRD1351,Product_351,Beauty,Fragrance,30870.85,2709,83629132.65,3.64,1.96,2024-01-11
PRD1352,Product_352,Sports,Outdoor,39847.21,1911,76148018.31,3.5,2.93,2022-06-20
PRD1353,Product_353,Home,Appliances,24127.97,2906,70115880.82,3.26,2.64,2022-07-30
PRD1354,Product_354,Sports,Team Sports,5953.68,735,4375954.8,2.66,14.61,2022-01-11
PRD1355,Product_355,Electronics,Laptops,6346.77,4333,27500554.41,3.07,11.51,2023-10-24
PRD1356,Product_356,Home,Furniture,34309.71,1669,57262905.99,3.12,14.53,2023-05-28
PRD1357,Product_357,Electronics,Wearables,21572.26,4693,101238616.18,3.71,6.88,2023-06-09
PRD1358,Product_358,Grocery,Beverages,10106.18,1481,14967252.58,4.37,4.54,2020-11-23
PRD1359,Product_359,Fashion,Accessories,24630.57,925,22783277.25,3.68,12.08,2024-01-06
PRD1360,Product_360,Sports,Gym,3304.03,4763,15737094.89,2.64,5.23,2020-02-21
PRD1361,Product_361,Fashion,Accessories,29140.37,2511,73171469.07,4.89,4.84,2021-01-10
PRD1362,Product_362,Fashion,Women,13522.77,1415,19134719.55,4.86,3.87,2020-09-19
PRD1363,Product_363,Sports,Team Sports,39898.2,1293,51588372.6,4.46,2.38,2020-09-23
PRD1364,Product_364,Home,Appliances,15587.06,212,3304456.72,4.98,4.22,2020-12-24
PRD1365,Product_365,Grocery,Staples,22815.49,2024,46178551.76,3.86,5.65,2023-09-02
PRD1366,Product_366,Electronics,Wearables,679.86,3341,2271412.26,4.91,10.27,2023-09-09
PRD1367,Product_367,Beauty,Haircare,3715.1,319,1185116.9,2.69,1.41,2021-10-13
PRD1368,Product_368,Electronics,Wearables,19685.43,681,13405777.83,3.41,3.55,2023-12-15
PRD1369,Product_369,Beauty,Skincare,24048.95,955,22966747.25,3.06,12.23,2020-02-15
PRD1370,Product_370,Electronics,Mobiles,30041.03,3521,105774466.63,2.99,2.63,2021-08-22
PRD1371,Product_371,Sports,Outdoor,14653.96,3303,48402029.88,2.85,5.47,2021-12-20
PRD1372,Product_372,Grocery,Beverages,34779.6,2064,71785094.4,4.06,13.04,2023-07-16
PRD1373,Product_373,Beauty,Skincare,43020.11,1691,72747006.01,4.45,2.75,2021-08-23
PRD1374,Product_374,Toys,Educational,39014.56,254,9909698.24,3.95,1.7,2021-01-15
PRD1375,Product_375,Home,Kitchen,2076.98,631,1310574.38,2.87,7.53,2020-04-27
PRD1376,Product_376,Electronics,Audio,24077.3,890,21428797.0,4.53,4.89,2020-04-25
PRD1377,Product_377,Electronics,Accessories,5336.02,1769,9439419.38,4.09,8.67,2020-09-16
PRD1378,Product_378,Beauty,Haircare,12178.05,2693,32795488.65,3.47,12.16,2023-01-03
PRD1379,Product_379,Home,Kitchen,49334.46,2347,115787977.62,4.19,2.49,2020-10-31
PRD1380,Product_380,Home,Kitchen,7210.53,924,6662529.72,3.15,8.92,2020-01-07
PRD1381,Product_381,Sports,Team Sports,24994.52,739,18470950.28,3.36,7.83,2020-12-31
PRD1382,Product_382,Toys,Soft Toys,30945.97,4050,125331178.5,4.79,2.59,2021-06-06
PRD1383,Product_383,Sports,Team Sports,35153.0,3191,112173223.0,3.23,9.55,2023-10-03
PRD1384,Product_384,Sports,Outdoor,28026.47,1472,41254963.84,3.67,4.47,2024-01-01
PRD1385,Product_385,Sports,Team Sports,587.57,721,423637.97,4.73,7.57,2023-05-23
PRD1386,Product_386,Sports,Team Sports,16390.42,1221,20012702.82,4.27,1.69,2021-03-04
PRD1387,Product_387,Sports,Team Sports,25933.81,3776,97926066.56,2.66,7.16,2022-03-01
PRD1388,Product_388,Grocery,Staples,4484.54,993,4453148.22,2.87,4.94,2022-01-16
PRD1389,Product_389,Home,Appliances,17596.28,1499,26376823.72,2.52,12.42,2021-01-01
PRD1390,Product_390,Sports,Outdoor,1756.84,3787,6653153.08,4.08,1.33,2020-11-08
PRD1391,Product_391,Home,Appliances,4021.07,2589,10410550.23,3.62,6.57,2021-06-21
PRD1392,Product_392,Home,Appliances,19906.47,4009,79805038.23,2.84,7.15,2022-07-09
PRD1393,Product_393,Fashion,Footwear,6722.52,4310,28974061.2,4.89,11.01,2022-12-13
PRD1394,Product_394,Grocery,Beverages,28420.29,2411,68521319.19,3.82,8.83,2024-01-30
PRD1395,Product_395,Sports,Gym,34504.3,3702,127734918.6,3.1,10.17,2022-05-14
PRD1396,Product_396,Electronics,Audio,40049.28,3720,148983321.6,3.75,11.77,2023-04-02
PRD1397,Product_397,Beauty,Fragrance,10087.5,1803,18187762.5,4.2,13.0,2022-02-20
PRD1398,Product_398,Toys,Games,8457.38,2402,20314626.76,2.69,5.05,2020-11-29
PRD1399,Product_399,Electronics,Audio,5317.94,1988,10572064.72,3.19,8.3,2022-03-08
PRD1400,Product_400,Grocery,Staples,31857.87,420,13380305.4,4.52,12.68,2020-12-13
PRD1401,Product_401,Beauty,Haircare,35353.14,4998,176694993.72,3.65,14.85,2020-09-29
PRD1402,Product_402,Grocery,Beverages,1676.15,4529,7591283.35,3.87,13.4,2022-08-20
PRD1403,Product_403,Home,Furniture,46816.99,1981,92744457.19,3.58,5.89,2021-12-20
PRD1404,Product_404,Beauty,Haircare,2693.37,474,1276657.38,2.61,3.33,2023-12-08
PRD1405,Product_405,Home,Appliances,27110.69,4774,129426434.06,2.91,7.6,2021-05-14
PRD1406,Product_406,Electronics,Accessories,35482.12,944,33495121.28,3.61,11.25,2023-01-21
PRD1407,Product_407,Electronics,Mobiles,43561.36,647,28184199.92,3.02,7.64,2021-11-15
PRD1408,Product_408,Beauty,Haircare,35732.94,3112,111200909.28,2.62,7.51,2020-03-19
PRD1409,Product_409,Beauty,Makeup,40106.23,2386,95693464.78,4.61,12.65,2021-09-13
PRD1410,Product_410,Sports,Team Sports,17038.56,4738,80728697.28,4.95,5.74,2023-05-25
PRD1411,Product_411,Grocery,Frozen,40759.77,1737,70799720.49,4.48,12.97,2022-08-04
PRD1412,Product_412,Sports,Gym,4097.73,622,2548788.06,4.63,6.4,2020-12-23
PRD1413,Product_413,Grocery,Staples,44751.35,2140,95767889.0,3.1,5.26,2021-09-09
PRD1414,Product_414,Sports,Outdoor,27424.86,3719,101993054.34,4.9,7.08,2021-05-21
PRD1415,Product_415,Home,Appliances,40883.16,4322,176697017.52,2.99,11.56,2023-04-19
PRD1416,Product_416,Beauty,Skincare,22670.68,4674,105962758.32,4.88,2.33,2021-07-29
PRD1417,Product_417,Electronics,Laptops,32214.53,1683,54217053.99,4.99,3.35,2023-06-23
PRD1418,Product_418,Grocery,Beverages,26367.49,1567,41317856.83,4.28,14.3,2020-08-31
PRD1419,Product_419,Grocery,Frozen,36606.32,4343,158981247.76,4.95,3.04,2021-05-20
PRD1420,Product_420,Electronics,Accessories,4173.34,2707,11297231.38,3.92,8.73,2021-02-25
PRD1421,Product_421,Sports,Gear,3111.57,3698,11506585.86,3.15,8.9,2023-09-05
PRD1422,Product_422,Grocery,Snacks,12430.45,4998,62127389.1,3.59,7.6,2023-01-15
PRD1423,Product_423,Toys,Soft Toys,8061.28,3638,29326936.64,3.98,9.85,2020-08-04
PRD1424,Product_424,Home,Furniture,43602.0,1587,69196374.0,2.68,3.83,2023-07-25
PRD1425,Product_425,Beauty,Fragrance,11038.78,3187,35180591.86,4.06,8.51,2022-10-05
PRD1426,Product_426,Electronics,Mobiles,48795.68,147,7172964.96,4.95,5.9,2023-04-07
PRD1427,Product_427,Beauty,Haircare,16911.1,3265,55214741.5,2.98,10.09,2020-11-25
PRD1428,Product_428,Toys,Educational,9187.68,4580,42079574.4,4.48,2.55,2021-10-11
PRD1429,Product_429,Grocery,Frozen,39505.96,4782,188917500.72,4.77,8.78,2024-01-04
PRD1430,Product_430,Grocery,Beverages,32969.52,3800,125284176.0,4.86,3.19,2021-01-25
PRD1431,Product_431,Toys,Kids,24959.97,3207,80046623.79,4.9,4.54,2021-01-15
PRD1432,Product_432,Electronics,Accessories,27812.64,4733,131637225.12,3.8,3.67,2023-08-22
PRD1433,Product_433,Home,Decor,35988.17,393,14143350.81,4.94,3.15,2022-01-11
PRD1434,Product_434,Fashion,Accessories,11499.89,4716,54233481.24,4.39,12.47,2022-03-30
PRD1435,Product_435,Electronics,Wearables,49817.06,660,32879259.6,2.9,4.64,2021-11-03
PRD1436,Product_436,Fashion,Footwear,48742.18,1777,86614853.86,3.69,13.94,2021-05-27
PRD1437,Product_437,Toys,Games,32551.25,2340,76169925.0,4.3,14.56,2022-08-06
PRD1438,Product_438,Sports,Outdoor,10057.17,1904,19148851.68,3.12,8.78,2023-04-26
PRD1439,Product_439,Fashion,Women,34043.39,2658,90487330.62,4.1,2.57,2022-07-18
PRD1440,Product_440,Home,Kitchen,3702.7,2129,7883048.3,4.17,5.93,2022-07-01
PRD1441,Product_441,Sports,Gear,1629.56,2374,3868575.44,2.91,12.07,2021-10-05
PRD1442,Product_442,Fashion,Women,12958.38,4677,60606343.26,3.91,5.83,2021-03-02
PRD1443,Product_443,Toys,Kids,23184.89,1227,28447860.03,4.43,1.76,2021-05-16
PRD1444,Product_444,Sports,Team Sports,43426.8,1141,49549978.8,3.75,8.57,2021-12-30
PRD1445,Product_445,Toys,Educational,36385.74,2841,103371887.34,2.53,12.75,2023-07-07
PRD1446,Product_446,Fashion,Accessories,37161.06,1799,66852746.94,2.52,12.04,2020-03-11
PRD1447,Product_447,Toys,Educational,21332.12,2725,58130027.0,3.39,3.04,2021-04-22
PRD1448,Product_448,Home,Furniture,17362.16,831,14427954.96,4.82,10.26,2023-04-16
PRD1449,Product_449,Fashion,Accessories,18614.83,3098,57668743.34,3.07,3.7,2021-04-01
PRD1450,Product_450,Fashion,Women,49383.71,2155,106421895.05,4.09,3.66,2020-07-07
PRD1451,Product_451,Fashion,Accessories,2101.45,3917,8231379.65,3.06,13.17,2020-10-17
PRD1452,Product_452,Electronics,Mobiles,43364.87,4592,199131483.04,3.3,4.12,2022-07-08
PRD1453,Product_453,Electronics,Wearables,28975.9,2163,62674871.7,4.62,4.32,2020-10-18
PRD1454,Product_454,Electronics,Mobiles,21986.91,4020,88387378.2,4.32,0.51,2022-01-25
PRD1455,Product_455,Home,Furniture,36290.36,2041,74068624.76,2.74,13.12,2023-07-30
PRD1456,Product_456,Sports,Outdoor,24384.78,1117,27237799.26,3.57,11.99,2021-01-11
PRD1457,Product_457,Toys,Games,43683.82,1627,71073575.14,2.57,9.6,2023-03-25
PRD1458,Product_458,Grocery,Staples,45045.02,1061,47792766.22,3.7,11.38,2021-05-22
PRD1459,Product_459,Fashion,Accessories,21143.87,2324,49138353.88,4.16,2.7,2023-12-07
PRD1460,Product_460,Toys,Educational,13913.71,4919,68441539.49,2.8,7.15,2021-06-11
PRD1461,Product_461,Fashion,Footwear,29658.28,1864,55283033.92,3.22,5.59,2023-10-10
PRD1462,Product_462,Home,Decor,45626.93,2476,112972278.68,3.49,1.86,2021-07-12
PRD1463,Product_463,Fashion,Women,10612.04,4452,47244802.08,4.8,7.55,2023-04-25
PRD1464,Product_464,Electronics,Mobiles,31186.03,4924,153560011.72,4.98,13.85,2022-11-20
PRD1465,Product_465,Grocery,Snacks,31614.85,2601,82230224.85,2.61,1.08,2020-09-16
PRD1466,Product_466,Beauty,Haircare,36682.34,3707,135981434.38,4.4,4.73,2021-02-24
PRD1467,Product_467,Fashion,Accessories,6665.23,57,379918.11,3.43,3.51,2020-10-30
PRD1468,Product_468,Toys,Soft Toys,35819.67,2605,93310240.35,3.48,3.95,2022-07-30
PRD1469,Product_469,Electronics,Laptops,45460.72,525,23866878.0,4.39,13.67,2022-11-28
PRD1470,Product_470,Beauty,Haircare,9066.19,2261,20498655.59,4.8,7.29,2021-06-25
PRD1471,Product_471,Grocery,Snacks,11953.41,534,6383120.94,4.88,7.26,2023-07-25
PRD1472,Product_472,Beauty,Fragrance,48572.62,4704,228485604.48,3.94,11.53,2023-05-11
PRD1473,Product_473,Electronics,Accessories,9130.75,2335,21320301.25,3.39,2.74,2022-12-25
PRD1474,Product_474,Sports,Outdoor,42733.82,4613,197131111.66,4.47,7.57,2020-04-17
PRD1475,Product_475,Sports,Gym,24664.67,3575,88176195.25,3.13,6.73,2020-09-24
PRD1476,Product_476,Beauty,Fragrance,12436.83,3389,42148416.87,3.91,9.16,2020-08-09
PRD1477,Product_477,Home,Decor,43550.42,2872,125076806.24,3.4,14.99,2023-01-18
PRD1478,Product_478,Toys,Games,22320.73,4993,111447404.89,4.14,11.66,2021-11-23
PRD1479,Product_479,Toys,Kids,25789.39,2974,76697645.86,3.1,6.27,2020-09-11
PRD1480,Product_480,Beauty,Fragrance,18025.75,308,5551931.0,2.98,12.5,2024-01-18
PRD1481,Product_481,Fashion,Accessories,29688.25,332,9856499.0,4.8,2.98,2020-09-09
PRD1482,Product_482,Fashion,Women,8259.84,1948,16090168.32,2.75,0.94,2020-09-13
PRD1483,Product_483,Toys,Soft Toys,19614.97,4185,82088649.45,3.76,3.46,2021-01-17
PRD1484,Product_484,Toys,Soft Toys,48473.67,3026,146681325.42,3.05,5.44,2021-03-17
PRD1485,Product_485,Sports,Outdoor,12980.86,2317,30076652.62,2.6,7.9,2021-08-21
PRD1486,Product_486,Home,Appliances,32871.16,3250,106831270.0,2.59,9.42,2023-01-18
PRD1487,Product_487,Electronics,Accessories,16326.98,662,10808460.76,2.94,13.7,2021-01-24
PRD1488,Product_488,Fashion,Men,38696.31,737,28519180.47,4.67,7.89,2021-08-04
PRD1489,Product_489,Toys,Kids,6630.6,3740,24798444.0,3.21,7.77,2022-12-03
PRD1490,Product_490,Sports,Gym,48494.07,662,32103074.34,4.88,1.23,2021-08-20
PRD1491,Product_491,Grocery,Frozen,22744.1,2357,53607843.7,3.95,1.01,2020-01-19
PRD1492,Product_492,Sports,Gym,11878.92,3063,36385131.96,3.59,8.49,2023-01-29
PRD1493,Product_493,Fashion,Footwear,3767.49,1831,6898274.19,3.95,6.85,2021-08-29
PRD1494,Product_494,Fashion,Men,8570.92,2641,22635799.72,3.79,12.67,2023-10-12
PRD1495,Product_495,Sports,Outdoor,26036.72,2746,71496833.12,4.4,2.83,2020-02-02
PRD1496,Product_496,Electronics,Wearables,16916.46,4008,67801171.68,3.21,0.86,2023-06-06
PRD1497,Product_497,Beauty,Makeup,41461.28,624,25871838.72,3.38,7.01,2022-05-11
PRD1498,Product_498,Fashion,Footwear,21601.29,1960,42338528.4,4.74,3.94,2020-06-03
PRD1499,Product_499,Sports,Gym,12510.84,3654,45714609.36,4.87,1.22,2023-12-17
PRD1500,Product_500,Toys,Educational,30895.53,719,22213886.07,4.73,11.01,2022-06-23
PRD1501,Product_501,Sports,Gym,35368.18,4414,156115146.52,3.55,2.12,2023-06-23
PRD1502,Product_502,Home,Appliances,8435.39,1333,11244374.87,4.45,9.32,2021-02-08
PRD1503,Product_503,Beauty,Skincare,8464.2,973,8235666.6,3.69,4.58,2022-04-23
PRD1504,Product_504,Grocery,Snacks,1929.9,1175,2267632.5,3.74,3.02,2023-03-30
PRD1505,Product_505,Electronics,Laptops,36846.46,1579,58180560.34,3.01,6.01,2022-01-16
PRD1506,Product_506,Grocery,Snacks,33223.85,1644,54620009.4,3.98,12.12,2023-02-14
PRD1507,Product_507,Beauty,Haircare,23784.08,296,7040087.68,2.97,6.19,2020-09-27
PRD1508,Product_508,Beauty,Fragrance,42224.11,3761,158804877.71,3.33,11.39,2022-02-08
PRD1509,Product_509,Beauty,Fragrance,40302.94,1610,64887733.4,4.64,2.32,2020-06-20
PRD1510,Product_510,Grocery,Staples,29309.18,2450,71807491.0,3.02,11.71,2020-09-30
PRD1511,Product_511,Toys,Soft Toys,43426.74,2293,99577514.82,2.68,3.94,2020-09-15
PRD1512,Product_512,Beauty,Haircare,10371.48,3914,40593972.72,2.67,10.32,2023-03-04
PRD1513,Product_513,Sports,Gear,5684.79,1989,11307047.31,4.85,8.7,2021-02-25
PRD1514,Product_514,Grocery,Staples,13560.51,3119,42295230.69,3.77,13.97,2023-12-15
PRD1515,Product_515,Beauty,Skincare,2948.63,276,813821.88,3.52,6.12,2023-04-24
PRD1516,Product_516,Sports,Gym,26605.36,3597,95699479.92,4.53,1.46,2020-12-29
PRD1517,Product_517,Toys,Kids,46836.62,314,14706698.68,4.59,0.78,2021-01-12
PRD1518,Product_518,Home,Decor,2063.24,1445,2981381.8,3.33,12.49,2021-08-02
PRD1519,Product_519,Toys,Games,6193.28,3607,22339160.96,4.23,8.11,2022-06-09
PRD1520,Product_520,Beauty,Makeup,22664.73,695,15751987.35,4.43,11.74,2021-12-22
PRD1521,Product_521,Grocery,Snacks,46700.36,3040,141969094.4,4.14,3.9,2023-05-04
PRD1522,Product_522,Fashion,Men,15876.19,1949,30942694.31,2.88,5.5,2022-05-30
PRD1523,Product_523,Beauty,Skincare,25411.02,2554,64899745.08,4.69,0.94,2023-01-26
PRD1524,Product_524,Fashion,Men,2174.49,2822,6136410.78,3.85,14.44,2021-08-27
PRD1525,Product_525,Sports,Team Sports,7502.33,1204,9032805.32,3.21,10.18,2020-01-22
PRD1526,Product_526,Home,Decor,49332.84,637,31425019.08,3.56,14.03,2024-01-13
PRD1527,Product_527,Electronics,Laptops,48259.42,4621,223006779.82,2.59,4.35,2023-04-10
PRD1528,Product_528,Toys,Educational,346.51,1871,648320.21,2.82,9.37,2021-01-17
PRD1529,Product_529,Home,Furniture,47595.41,1035,49261249.35,4.41,10.34,2020-05-13
PRD1530,Product_530,Beauty,Fragrance,31992.08,4129,132095298.32,2.5,5.1,2023-12-20
PRD1531,Product_531,Fashion,Accessories,43409.12,3398,147504189.76,3.54,12.8,2022-11-14
PRD1532,Product_532,Toys,Games,22791.52,3881,88453889.12,3.81,14.23,2021-05-17
PRD1533,Product_533,Fashion,Footwear,25828.24,1291,33344257.84,2.64,13.33,2023-04-23
PRD1534,Product_534,Grocery,Staples,24493.44,239,5853932.16,4.93,11.22,2023-01-13
PRD1535,Product_535,Fashion,Women,33376.53,1030,34377825.9,3.07,4.52,2020-05-23
PRD1536,Product_536,Grocery,Beverages,7068.6,1748,12355912.8,3.26,4.58,2023-12-06
PRD1537,Product_537,Sports,Team Sports,1595.68,1765,2816375.2,3.26,14.47,2020-08-11
PRD1538,Product_538,Toys,Games,15465.7,2643,40875845.1,3.08,0.65,2020-08-07
PRD1539,Product_539,Toys,Games,35263.57,4186,147613304.02,2.5,10.88,2020-06-27
PRD1540,Product_540,Electronics,Laptops,10172.49,4483,45603272.67,4.32,10.74,2021-03-08
PRD1541,Product_541,Beauty,Fragrance,33704.28,1148,38692513.44,4.92,9.53,2020-09-21
PRD1542,Product_542,Grocery,Frozen,48498.61,2376,115232697.36,3.06,14.86,2022-08-11
PRD1543,Product_543,Electronics,Wearables,4785.65,3297,15778288.05,4.16,5.02,2021-03-04
PRD1544,Product_544,Fashion,Men,33662.85,945,31811393.25,4.35,5.43,2021-02-19
PRD1545,Product_545,Fashion,Accessories,22243.14,1724,38347173.36,4.62,1.64,2024-01-16
PRD1546,Product_546,Electronics,Accessories,43420.3,2959,128480667.7,3.56,6.92,2021-12-27
PRD1547,Product_547,Toys,Soft Toys,8939.77,980,8760974.6,3.26,4.29,2020-07-15
PRD1548,Product_548,Fashion,Men,34662.04,4434,153691485.36,3.31,5.48,2022-12-12
PRD1549,Product_549,Sports,Gym,41921.95,773,32405667.35,4.28,12.6,2021-04-24
PRD1550,Product_550,Sports,Outdoor,47236.25,2990,141236387.5,4.54,14.06,2024-01-06
PRD1551,Product_551,Electronics,Mobiles,34194.08,1139,38947057.12,2.95,3.19,2023-09-15
PRD1552,Product_552,Grocery,Snacks,24909.02,4628,115278944.56,3.43,5.9,2023-06-28
PRD1553,Product_553,Grocery,Snacks,30930.58,985,30466621.3,4.75,13.97,2022-06-08
PRD1554,Product_554,Electronics,Accessories,43458.36,2345,101909854.2,4.52,1.4,2022-07-13
PRD1555,Product_555,Grocery,Staples,28573.43,205,5857553.15,4.96,1.84,2020-05-02
PRD1556,Product_556,Toys,Kids,1616.31,1120,1810267.2,4.39,2.86,2023-11-11
PRD1557,Product_557,Toys,Educational,46554.34,2008,93481114.72,3.48,9.13,2023-09-24
PRD1558,Product_558,Grocery,Frozen,34507.38,2551,88028326.38,3.98,2.68,2022-02-16
PRD1559,Product_559,Sports,Gym,33858.02,4269,144539887.38,4.15,14.54,2020-12-13
PRD1560,Product_560,Grocery,Beverages,10862.19,3880,42145297.2,2.7,6.98,2020-01-29
PRD1561,Product_561,Toys,Educational,32978.38,904,29812455.52,3.86,7.77,2022-09-01
PRD1562,Product_562,Home,Furniture,19753.83,689,13610388.87,4.27,4.08,2020-02-04
PRD1563,Product_563,Beauty,Makeup,32596.53,2288,74580860.64,2.92,7.33,2023-11-20
PRD1564,Product_564,Fashion,Women,5418.99,1652,8952171.48,4.45,10.1,2021-09-14
PRD1565,Product_565,Home,Furniture,32926.48,491,16166901.68,3.96,11.39,2023-08-10
PRD1566,Product_566,Grocery,Beverages,49970.74,4678,233763121.72,4.88,11.43,2021-08-11
PRD1567,Product_567,Sports,Gym,2505.78,1386,3473011.08,2.61,8.88,2023-10-04
PRD1568,Product_568,Electronics,Wearables,48860.99,3750,183228712.5,3.16,13.61,2023-03-16
PRD1569,Product_569,Grocery,Staples,20404.71,998,20363900.58,4.0,12.35,2022-12-26
PRD1570,Product_570,Sports,Team Sports,43550.6,3423,149073703.8,3.24,11.48,2022-06-22
PRD1571,Product_571,Beauty,Fragrance,39141.04,509,19922789.36,4.29,1.31,2021-06-03
PRD1572,Product_572,Grocery,Snacks,28394.11,4696,133338740.56,4.4,0.6,2020-05-01
PRD1573,Product_573,Toys,Soft Toys,36948.62,442,16331290.04,2.76,3.58,2020-12-05
PRD1574,Product_574,Electronics,Audio,43937.93,3988,175224464.84,3.78,10.12,2020-06-23
PRD1575,Product_575,Sports,Gear,20266.6,1837,37229744.2,3.77,6.46,2021-08-19
PRD1576,Product_576,Sports,Team Sports,16418.95,4990,81930560.5,3.42,6.33,2021-03-26
PRD1577,Product_577,Sports,Outdoor,33412.91,2307,77083583.37,4.83,13.33,2021-07-10
PRD1578,Product_578,Beauty,Fragrance,40411.51,1188,48008873.88,4.57,13.49,2023-03-05
PRD1579,Product_579,Grocery,Snacks,38138.03,3858,147136519.74,4.24,13.68,2022-11-05
PRD1580,Product_580,Beauty,Skincare,39910.9,4791,191213121.9,4.29,5.05,2023-09-18
PRD1581,Product_581,Fashion,Footwear,21835.61,2504,54676367.44,3.65,10.52,2023-05-03
PRD1582,Product_582,Fashion,Accessories,40909.93,1516,62019453.88,4.8,4.44,2020-01-09
PRD1583,Product_583,Grocery,Frozen,6098.43,3724,22710553.32,4.24,3.26,2020-11-29
PRD1584,Product_584,Toys,Kids,27270.01,1427,38914304.27,4.32,3.18,2023-09-18
PRD1585,Product_585,Beauty,Haircare,387.36,2647,1025341.92,4.65,5.46,2022-10-13
PRD1586,Product_586,Electronics,Accessories,16296.83,191,3112694.53,3.19,6.73,2020-11-22
PRD1587,Product_587,Sports,Team Sports,18386.43,2709,49808838.87,4.52,12.55,2020-01-15
PRD1588,Product_588,Sports,Team Sports,19869.02,4646,92311466.92,2.99,2.24,2022-04-18
PRD1589,Product_589,Grocery,Staples,34803.81,889,30940587.09,3.36,11.16,2020-08-13
PRD1590,Product_590,Toys,Soft Toys,19489.05,3668,71485835.4,3.34,8.21,2023-12-19
PRD1591,Product_591,Fashion,Accessories,22489.81,3967,89217076.27,4.95,4.68,2023-12-02
PRD1592,Product_592,Fashion,Women,11953.45,645,7709975.25,4.64,7.65,2020-04-22
PRD1593,Product_593,Sports,Team Sports,18725.26,1954,36589158.04,4.25,4.85,2023-12-22
PRD1594,Product_594,Grocery,Staples,11440.75,330,3775447.5,4.32,9.14,2020-01-01
PRD1595,Product_595,Beauty,Skincare,3752.48,473,1774923.04,3.91,6.79,2020-09-22
PRD1596,Product_596,Fashion,Accessories,30212.08,4415,133386333.2,4.87,2.88,2023-05-16
PRD1597,Product_597,Beauty,Makeup,33443.82,4299,143774982.18,3.74,2.19,2022-08-09
PRD1598,Product_598,Toys,Educational,31012.57,1800,55822626.0,3.45,8.43,2023-10-24
PRD1599,Product_599,Fashion,Women,23228.35,4807,111658678.45,2.91,13.58,2020-11-01
PRD1600,Product_600,Fashion,Accessories,19051.31,2017,38426492.27,4.47,5.49,2020-01-12
PRD1601,Product_601,Home,Kitchen,43180.35,4138,178680288.3,4.34,11.13,2023-09-30
PRD1602,Product_602,Fashion,Women,26002.18,4228,109937217.04,3.46,10.05,2024-01-28
PRD1603,Product_603,Electronics,Laptops,24011.18,2996,71937495.28,2.56,14.01,2023-10-23
PRD1604,Product_604,Grocery,Beverages,1379.54,1499,2067930.46,4.6,12.4,2022-07-25
PRD1605,Product_605,Grocery,Staples,17128.27,2381,40782410.87,2.53,8.72,2021-02-23
PRD1606,Product_606,Beauty,Fragrance,19071.76,2270,43292895.2,4.26,10.03,2022-06-07
PRD1607,Product_607,Toys,Educational,20001.26,3839,76784837.14,4.93,13.53,2020-06-19
PRD1608,Product_608,Fashion,Men,29050.6,2860,83084716.0,3.59,6.29,2020-05-13
PRD1609,Product_609,Electronics,Laptops,26726.77,4778,127700507.06,3.09,5.24,2022-08-22
PRD1610,Product_610,Beauty,Skincare,30434.46,1581,48116881.26,4.26,0.66,2023-12-21
PRD1611,Product_611,Home,Furniture,38267.67,4932,188736148.44,4.54,12.48,2022-11-14
PRD1612,Product_612,Beauty,Makeup,40667.99,3040,123630689.6,3.87,12.11,2023-04-28
PRD1613,Product_613,Beauty,Fragrance,35934.34,4543,163249706.62,4.92,2.01,2023-03-10
PRD1614,Product_614,Fashion,Accessories,47780.63,1193,57002291.59,2.63,8.86,2021-10-19
PRD1615,Product_615,Home,Decor,1009.81,983,992643.23,3.76,7.23,2023-08-31
PRD1616,Product_616,Beauty,Fragrance,9869.32,1510,14902673.2,4.3,2.22,2024-01-07
PRD1617,Product_617,Electronics,Audio,477.39,2773,1323802.47,4.66,14.72,2023-09-04
PRD1618,Product_618,Electronics,Audio,32408.99,2562,83031832.38,2.95,3.61,2024-01-04
PRD1619,Product_619,Grocery,Frozen,44911.72,335,15045426.2,4.5,1.47,2023-01-20
PRD1620,Product_620,Home,Appliances,12249.77,314,3846427.78,3.88,9.13,2020-06-27
PRD1621,Product_621,Home,Furniture,46359.02,2417,112049751.34,3.49,11.21,2022-12-15
PRD1622,Product_622,Grocery,Frozen,3107.34,3497,10866367.98,2.83,0.97,2023-03-24
PRD1623,Product_623,Beauty,Skincare,46728.36,4966,232053035.76,4.66,10.05,2020-04-20
PRD1624,Product_624,Home,Appliances,17645.97,1812,31974497.64,2.89,8.22,2020-05-16
PRD1625,Product_625,Electronics,Laptops,5160.9,3098,15988468.2,3.27,2.0,2020-08-19
PRD1626,Product_626,Electronics,Mobiles,24345.0,2431,59182695.0,3.23,3.0,2022-09-18
PRD1627,Product_627,Fashion,Accessories,12913.15,2319,29945594.85,4.68,8.74,2021-04-12
PRD1628,Product_628,Home,Decor,14315.16,90,1288364.4,4.18,4.8,2022-01-01
PRD1629,Product_629,Beauty,Haircare,15433.77,117,1805751.09,4.49,14.11,2021-04-25
PRD1630,Product_630,Grocery,Snacks,40170.99,1037,41657316.63,3.13,12.37,2022-12-27
PRD1631,Product_631,Grocery,Beverages,27004.15,4058,109582840.7,4.06,14.76,2022-03-24
PRD1632,Product_632,Beauty,Makeup,15634.25,3248,50780044.0,3.93,4.27,2023-06-26
PRD1633,Product_633,Toys,Kids,30555.66,4840,147889394.4,4.58,14.56,2022-09-20
PRD1634,Product_634,Sports,Gym,35835.92,2574,92241658.08,4.77,6.75,2020-11-18
PRD1635,Product_635,Fashion,Accessories,13703.94,1135,15553971.9,2.53,5.54,2022-07-10
PRD1636,Product_636,Grocery,Snacks,20736.1,2529,52441596.9,4.19,1.23,2022-06-22
PRD1637,Product_637,Home,Kitchen,6182.12,1743,10775435.16,2.63,1.27,2023-12-26
PRD1638,Product_638,Fashion,Footwear,9139.35,2365,21614562.75,3.87,10.53,2021-08-28
PRD1639,Product_639,Home,Decor,34087.78,828,28224681.84,3.22,7.14,2021-03-04
PRD1640,Product_640,Toys,Kids,9153.77,4639,42464339.03,3.27,3.78,2023-07-16
PRD1641,Product_641,Electronics,Wearables,26305.65,1635,43009737.75,3.38,9.4,2020-05-27
PRD1642,Product_642,Fashion,Men,35481.41,1542,54712334.22,4.05,4.17,2023-02-15
PRD1643,Product_643,Grocery,Beverages,5433.16,710,3857543.6,3.34,8.88,2022-04-29
PRD1644,Product_644,Fashion,Women,28408.88,1398,39715614.24,4.33,5.71,2021-01-01
PRD1645,Product_645,Fashion,Accessories,12902.48,1349,17405445.52,3.51,12.44,2022-04-29
PRD1646,Product_646,Fashion,Women,48150.05,3990,192118699.5,2.67,12.4,2022-12-25
PRD1647,Product_647,Sports,Team Sports,24228.93,2036,49330101.48,4.46,7.42,2022-03-23
PRD1648,Product_648,Fashion,Men,40319.03,2094,84428048.82,3.21,5.59,2023-10-25
PRD1649,Product_649,Home,Furniture,27556.3,3566,98265765.8,3.58,5.76,2020-06-23
PRD1650,Product_650,Electronics,Accessories,2266.29,1108,2511049.32,4.21,12.18,2021-08-10
PRD1651,Product_651,Toys,Soft Toys,31694.25,1026,32518300.5,3.33,5.26,2021-05-09
PRD1652,Product_652,Beauty,Makeup,47575.03,4627,220129663.81,2.64,3.53,2022-08-30
PRD1653,Product_653,Fashion,Men,30120.43,777,23403574.11,3.43,1.73,2023-02-11
PRD1654,Product_654,Grocery,Staples,40977.52,2577,105599069.04,4.86,7.27,2023-02-08
PRD1655,Product_655,Fashion,Men,44221.9,3186,140890973.4,4.1,7.49,2024-01-02
PRD1656,Product_656,Grocery,Snacks,11481.18,392,4500622.56,4.18,12.69,2023-03-16
PRD1657,Product_657,Home,Furniture,10681.04,1497,15989516.88,4.08,3.71,2020-02-04
PRD1658,Product_658,Grocery,Beverages,30587.95,2429,74298130.55,3.0,6.02,2022-09-25
PRD1659,Product_659,Beauty,Fragrance,20610.32,3709,76443676.88,3.55,12.22,2023-08-25
PRD1660,Product_660,Electronics,Mobiles,42009.08,576,24197230.08,4.38,12.44,2021-06-21
PRD1661,Product_661,Grocery,Snacks,45011.15,1946,87591697.9,2.75,6.08,2022-01-19
PRD1662,Product_662,Grocery,Beverages,17735.73,4804,85202446.92,3.19,7.16,2022-11-03
PRD1663,Product_663,Electronics,Mobiles,11919.84,2123,25305820.32,3.19,4.9,2021-01-08
PRD1664,Product_664,Beauty,Makeup,39048.22,4965,193874412.3,3.58,14.02,2021-07-10
PRD1665,Product_665,Fashion,Footwear,13812.82,455,6284833.1,4.95,2.22,2023-12-22
PRD1666,Product_666,Grocery,Frozen,41148.45,1623,66783934.35,2.67,14.04,2020-08-20
PRD1667,Product_667,Electronics,Mobiles,21244.54,4650,98787111.0,3.8,10.42,2021-12-05
PRD1668,Product_668,Home,Kitchen,33410.74,3790,126626704.6,2.95,8.21,2021-07-16
PRD1669,Product_669,Electronics,Accessories,4867.21,4324,21045816.04,4.93,0.97,2022-07-27
PRD1670,Product_670,Home,Kitchen,31230.58,4277,133573190.66,2.78,7.4,2022-06-05
PRD1671,Product_671,Beauty,Haircare,22643.21,1896,42931526.16,3.51,6.41,2021-12-26
PRD1672,Product_672,Fashion,Footwear,29371.76,1528,44880049.28,4.34,2.84,2024-01-03
PRD1673,Product_673,Electronics,Laptops,8483.91,2445,20743159.95,4.26,10.02,2023-07-22
PRD1674,Product_674,Toys,Games,36870.0,821,30270270.0,3.56,14.58,2020-03-16
PRD1675,Product_675,Toys,Educational,43153.57,628,27100441.96,3.37,8.65,2021-03-14
PRD1676,Product_676,Sports,Team Sports,10915.32,2951,32211109.32,3.49,10.86,2021-11-29
PRD1677,Product_677,Grocery,Snacks,4876.16,243,1184906.88,3.16,1.49,2023-08-05
PRD1678,Product_678,Beauty,Fragrance,1279.57,2057,2632075.49,3.01,6.56,2022-07-03
PRD1679,Product_679,Electronics,Accessories,32134.38,1235,39685959.3,3.71,2.19,2022-06-09
PRD1680,Product_680,Toys,Games,30393.99,2444,74282911.56,3.17,9.39,2021-11-22
PRD1681,Product_681,Grocery,Frozen,27380.2,3048,83454849.6,3.22,14.11,2020-09-09
PRD1682,Product_682,Toys,Games,11674.16,1842,21503802.72,4.14,10.1,2023-02-23
PRD1683,Product_683,Electronics,Accessories,19606.21,1160,22743203.6,4.92,1.61,2023-04-15
PRD1684,Product_684,Home,Kitchen,29764.37,4055,120694520.35,4.01,5.64,2022-11-26
PRD1685,Product_685,Electronics,Mobiles,24888.67,2311,57517716.37,2.69,8.48,2021-02-13
PRD1686,Product_686,Sports,Team Sports,49390.5,3786,186992433.0,2.69,6.35,2020-05-06
PRD1687,Product_687,Electronics,Audio,6908.34,3843,26548750.62,4.88,12.59,2023-04-06
PRD1688,Product_688,Electronics,Wearables,34787.71,1986,69088392.06,3.24,12.31,2021-08-14
PRD1689,Product_689,Sports,Gear,20275.51,4925,99856886.75,2.73,9.37,2020-10-20
PRD1690,Product_690,Beauty,Skincare,21467.16,4407,94605774.12,4.0,5.92,2023-09-28
PRD1691,Product_691,Electronics,Mobiles,35908.13,779,27972433.27,4.06,4.2,2022-10-16
PRD1692,Product_692,Sports,Outdoor,34652.56,4428,153441535.68,4.12,2.04,2020-11-05
PRD1693,Product_693,Grocery,Staples,49563.67,3501,173522408.67,3.17,5.65,2021-10-23
PRD1694,Product_694,Home,Decor,6506.88,4507,29326508.16,2.54,6.49,2021-06-11
PRD1695,Product_695,Home,Kitchen,5295.07,4586,24283191.02,4.91,10.3,2021-06-23
PRD1696,Product_696,Electronics,Laptops,36244.51,2190,79375476.9,3.13,10.04,2021-02-22
PRD1697,Product_697,Beauty,Fragrance,28961.51,1694,49060797.94,4.19,1.52,2021-03-19
PRD1698,Product_698,Beauty,Haircare,13780.62,2850,39274767.0,4.27,6.23,2021-11-15
PRD1699,Product_699,Grocery,Snacks,4063.03,191,776038.73,4.03,3.14,2022-04-19
PRD1700,Product_700,Electronics,Mobiles,4374.35,1505,6583396.75,3.28,2.77,2020-08-23
PRD1701,Product_701,Home,Decor,44720.12,4846,216713701.52,3.18,12.5,2024-01-02
PRD1702,Product_702,Beauty,Skincare,9674.18,2146,20760790.28,3.99,1.11,2020-08-01
PRD1703,Product_703,Electronics,Audio,16236.24,1375,22324830.0,4.67,6.58,2020-03-25
PRD1704,Product_704,Toys,Kids,11410.15,1263,14411019.45,4.87,2.94,2022-03-04
PRD1705,Product_705,Beauty,Skincare,17814.32,1209,21537512.88,2.76,13.25,2020-03-25
PRD1706,Product_706,Sports,Gear,3564.25,4700,16751975.0,2.89,8.58,2020-03-05
PRD1707,Product_707,Toys,Educational,26001.08,4549,118278912.92,4.86,3.86,2021-10-24
PRD1708,Product_708,Beauty,Haircare,3473.87,4747,16490460.89,4.34,7.79,2021-09-18
PRD1709,Product_709,Home,Appliances,40037.79,390,15614738.1,4.71,11.11,2020-03-04
PRD1710,Product_710,Fashion,Footwear,11762.23,3878,45613927.94,3.01,14.39,2023-09-28
PRD1711,Product_711,Toys,Kids,27046.59,2018,54580018.62,3.97,3.7,2022-07-27
PRD1712,Product_712,Grocery,Frozen,44015.95,753,33144010.35,4.25,13.35,2022-07-07
PRD1713,Product_713,Grocery,Snacks,32578.78,4463,145399095.14,4.2,14.05,2023-10-07
PRD1714,Product_714,Home,Decor,26694.59,2479,66175888.61,3.52,13.79,2023-03-27
PRD1715,Product_715,Beauty,Skincare,16284.25,1850,30125862.5,2.54,9.71,2021-05-05
PRD1716,Product_716,Electronics,Wearables,16716.8,4962,82948761.6,3.96,9.63,2024-01-26
PRD1717,Product_717,Beauty,Haircare,33507.4,4698,157417765.2,3.13,6.35,2023-06-02
PRD1718,Product_718,Home,Decor,49707.55,905,44985332.75,3.63,11.41,2020-11-08
PRD1719,Product_719,Grocery,Staples,33125.78,1862,61680202.36,4.89,8.2,2021-09-06
PRD1720,Product_720,Beauty,Makeup,27933.39,2916,81453765.24,3.5,10.32,2022-07-07
PRD1721,Product_721,Grocery,Frozen,36559.46,3692,134977526.32,4.6,6.71,2022-03-23
PRD1722,Product_722,Toys,Games,23313.76,232,5408792.32,2.97,11.11,2022-07-28
PRD1723,Product_723,Electronics,Wearables,3101.1,3162,9805678.2,4.18,12.45,2024-01-29
PRD1724,Product_724,Toys,Kids,28158.61,4542,127896406.62,4.94,2.62,2023-01-16
PRD1725,Product_725,Grocery,Snacks,47885.5,1567,75036578.5,2.75,12.58,2023-08-19
PRD1726,Product_726,Grocery,Snacks,8847.62,1406,12439753.72,2.52,8.33,2021-11-10
PRD1727,Product_727,Fashion,Women,34531.24,2224,76797477.76,3.58,12.75,2021-03-10
PRD1728,Product_728,Fashion,Accessories,10126.59,3679,37255724.61,2.73,6.75,2021-11-12
PRD1729,Product_729,Toys,Soft Toys,26837.8,3678,98709428.4,4.37,6.0,2023-03-04
PRD1730,Product_730,Sports,Team Sports,4924.15,4146,20415525.9,4.79,13.77,2022-12-09
PRD1731,Product_731,Toys,Educational,22573.51,3289,74244274.39,3.59,4.14,2023-12-26
PRD1732,Product_732,Fashion,Men,37832.55,3741,141531569.55,3.15,12.74,2020-12-05
PRD1733,Product_733,Grocery,Beverages,17443.82,68,1186179.76,3.59,7.52,2020-12-12
PRD1734,Product_734,Home,Decor,33279.1,3453,114912732.3,4.31,7.95,2021-10-07
PRD1735,Product_735,Toys,Games,39792.95,4729,188180860.55,2.52,4.97,2023-10-02
PRD1736,Product_736,Grocery,Beverages,46366.17,4601,213330748.17,3.97,8.81,2021-10-10
PRD1737,Product_737,Home,Kitchen,11808.64,3054,36063586.56,4.03,5.22,2020-09-01
PRD1738,Product_738,Home,Kitchen,20025.86,1182,23670566.52,4.09,1.07,2020-04-18
PRD1739,Product_739,Fashion,Accessories,7705.56,3389,26114142.84,3.11,4.44,2021-06-16
PRD1740,Product_740,Toys,Kids,49624.93,3361,166789389.73,4.29,0.59,2023-01-18
PRD1741,Product_741,Beauty,Haircare,46357.35,3422,158634851.7,2.73,14.69,2020-10-22
PRD1742,Product_742,Electronics,Accessories,27043.86,1037,28044482.82,3.0,14.5,2020-04-21
PRD1743,Product_743,Fashion,Footwear,42117.46,3371,141977957.66,4.69,6.23,2023-04-15
PRD1744,Product_744,Fashion,Accessories,26095.8,4665,121736907.0,4.35,11.06,2020-12-08
PRD1745,Product_745,Beauty,Skincare,31216.93,223,6961375.39,2.53,5.51,2020-04-10
PRD1746,Product_746,Electronics,Wearables,4547.31,3791,17238852.21,3.12,10.23,2021-09-20
PRD1747,Product_747,Grocery,Staples,37787.99,3102,117218344.98,3.04,12.18,2023-11-25
PRD1748,Product_748,Sports,Team Sports,6472.9,776,5022970.4,3.18,14.23,2020-01-28
PRD1749,Product_749,Toys,Games,41320.77,3810,157432133.7,3.12,6.3,2022-07-25
PRD1750,Product_750,Sports,Gear,39123.2,1925,75312160.0,2.66,11.86,2020-02-27
PRD1751,Product_751,Grocery,Beverages,35466.36,4083,144809147.88,3.65,4.36,2020-10-23
PRD1752,Product_752,Fashion,Women,1904.4,1039,1978671.6,4.33,14.86,2020-05-13
PRD1753,Product_753,Electronics,Accessories,15226.1,3794,57767823.4,4.02,0.87,2023-09-16
PRD1754,Product_754,Fashion,Women,13229.32,2736,36195419.52,4.18,9.25,2020-09-05
PRD1755,Product_755,Home,Kitchen,18070.81,469,8475209.89,2.7,10.06,2022-10-17
PRD1756,Product_756,Fashion,Accessories,4473.37,643,2876376.91,4.88,10.48,2021-07-03
PRD1757,Product_757,Fashion,Men,46854.2,1824,85462060.8,4.6,2.25,2022-06-20
PRD1758,Product_758,Grocery,Staples,27734.73,2509,69586437.57,4.51,14.11,2023-01-03
PRD1759,Product_759,Grocery,Staples,15345.66,985,15115475.1,4.56,3.13,2022-04-13
PRD1760,Product_760,Grocery,Frozen,19909.38,3858,76810388.04,4.83,9.53,2023-04-06
PRD1761,Product_761,Sports,Gear,22415.41,381,8540271.21,3.86,3.73,2022-02-09
PRD1762,Product_762,Home,Kitchen,30069.66,3499,105213740.34,3.0,4.95,2023-10-10
PRD1763,Product_763,Grocery,Staples,25832.4,2752,71090764.8,4.04,8.42,2023-06-02
PRD1764,Product_764,Electronics,Wearables,45977.66,4056,186485388.96,4.36,6.55,2020-05-25
PRD1765,Product_765,Sports,Gear,24898.48,3918,97552244.64,4.34,2.82,2023-06-18
PRD1766,Product_766,Beauty,Skincare,49608.68,4250,210836890.0,3.8,2.98,2022-06-11
PRD1767,Product_767,Electronics,Mobiles,42586.11,251,10689113.61,2.67,6.56,2020-12-09
PRD1768,Product_768,Toys,Games,10504.67,2547,26755394.49,3.43,11.48,2022-11-24
PRD1769,Product_769,Toys,Games,46536.7,1892,88047436.4,4.8,13.52,2021-12-02
PRD1770,Product_770,Electronics,Accessories,5906.68,1916,11317198.88,3.96,1.72,2020-01-01
PRD1771,Product_771,Grocery,Staples,40890.74,2046,83662454.04,3.85,6.2,2020-06-01
PRD1772,Product_772,Beauty,Skincare,19093.1,959,18310282.9,3.17,1.95,2021-03-04
PRD1773,Product_773,Beauty,Fragrance,43910.92,4355,191232056.6,3.42,0.74,2021-05-22
PRD1774,Product_774,Sports,Gym,43416.03,4708,204402669.24,4.74,10.09,2023-02-23
PRD1775,Product_775,Beauty,Skincare,40315.68,3239,130582487.52,4.17,9.24,2021-05-05
PRD1776,Product_776,Toys,Games,39522.52,820,32408466.4,4.47,2.86,2020-12-10
PRD1777,Product_777,Home,Furniture,15303.49,3205,49047685.45,3.64,3.89,2020-08-08
PRD1778,Product_778,Grocery,Staples,4137.87,2551,10555706.37,4.08,0.84,2021-12-23
PRD1779,Product_779,Beauty,Makeup,20208.71,2764,55856874.44,3.12,12.61,2022-11-14
PRD1780,Product_780,Sports,Outdoor,8758.87,4774,41814845.38,4.26,14.63,2021-06-11
PRD1781,Product_781,Toys,Soft Toys,34778.06,3635,126418248.1,3.57,2.46,2023-04-20
PRD1782,Product_782,Home,Decor,17370.38,1678,29147497.64,3.61,3.86,2022-04-20
PRD1783,Product_783,Fashion,Accessories,48782.95,436,21269366.2,4.12,13.09,2022-12-01
PRD1784,Product_784,Fashion,Women,32084.51,3471,111365334.21,4.84,13.93,2021-04-25
PRD1785,Product_785,Home,Decor,41141.78,4058,166953343.24,2.66,6.58,2022-07-18
PRD1786,Product_786,Toys,Soft Toys,6712.98,4143,27811876.14,4.56,1.23,2022-05-21
PRD1787,Product_787,Sports,Gear,43114.52,4413,190264376.76,3.23,1.07,2024-01-02
PRD1788,Product_788,Home,Kitchen,46145.58,2516,116102279.28,3.61,8.82,2023-11-26
PRD1789,Product_789,Grocery,Frozen,24404.39,2332,56911037.48,2.55,6.2,2020-12-10
PRD1790,Product_790,Grocery,Frozen,30352.02,1906,57850950.12,3.25,0.92,2020-02-14
PRD1791,Product_791,Fashion,Women,38264.01,2048,78364692.48,3.76,8.96,2020-01-21
PRD1792,Product_792,Beauty,Makeup,8824.45,1286,11348242.7,2.64,0.66,2022-12-29
PRD1793,Product_793,Sports,Gear,25178.05,4719,118815217.95,3.73,11.92,2022-05-22
PRD1794,Product_794,Fashion,Accessories,19993.29,4194,83851858.26,4.82,4.94,2020-02-17
PRD1795,Product_795,Beauty,Fragrance,7404.06,1200,8884872.0,2.76,1.08,2021-07-04
PRD1796,Product_796,Beauty,Skincare,18439.97,4368,80545788.96,4.41,9.03,2020-10-13
PRD1797,Product_797,Grocery,Beverages,3501.8,1481,5186165.8,3.52,6.27,2022-09-28
PRD1798,Product_798,Toys,Kids,1388.01,1869,2594190.69,4.14,14.62,2022-10-30
PRD1799,Product_799,Electronics,Laptops,6844.8,2374,16249555.2,3.15,8.39,2021-06-25
