txn_id,txn_date,customer_id,card_id,merchant,merchant_category,country,ip_address,device,amount,status,prev_txn_time_card,mins_since_prev_card,txns_last_24h_card,is_foreign,amount_over_card_mean,is_fraud
TXN4000259,2023-01-03 05:59:15,CUST100119,CARD200194,Merchant_165,Gaming,IN,10.0.46.215,Web,1.0,Success,,99999.0,1,0,0.07,0
TXN4000026,2023-01-06 19:45:24,CUST100159,CARD200006,Merchant_010,Electronics,SG,52.63.27,Android,14.55,Success,,99999.0,1,1,0.66,0
TXN4000045,2023-01-07 08:53:07,CUST100178,CARD200241,Merchant_068,Utilities,IN,10.0.63.249,Web,17.53,Success,,99999.0,1,0,0.38,0
TXN4000031,2023-01-07 14:09:16,CUST100111,CARD200283,Merchant_002,Electronics,IN,10.0.38.241,iOS,40.56,Success,,99999.0,1,0,0.74,0
TXN4000240,2023-01-15 12:09:30,CUST100118,CARD200260,Merchant_092,Electronics,DE,52.99.139,Web,12.42,Success,,99999.0,1,1,1.0,0
TXN4000012,2023-01-15 20:18:12,CUST100011,CARD200000,Merchant_069,Electronics,IN,10.0.90.110,Android,13.82,Success,,99999.0,1,0,0.32,0
TXN4000432,2023-01-17 01:48:04,CUST100143,CARD200148,Merchant_154,Electronics,IN,10.0.63.3,iOS,4.55,Success,,99999.0,1,0,0.13,0
TXN4000000,2023-01-17 10:00:14,CUST100027,CARD200016,Merchant_066,Gaming,IN,10.0.41.129,Android,502.88,Success,,99999.0,1,0,2.84,0
TXN4000228,2023-01-20 17:52:56,CUST100170,CARD200121,Merchant_117,Grocery,IN,10.0.22.111,Android,1.0,Success,,99999.0,1,0,0.04,0
TXN4000173,2023-01-21 01:00:30,CUST100111,CARD200287,Merchant_108,Electronics,US,52.85.187,Web,1.67,Success,,99999.0,1,1,0.05,0
TXN4000462,2023-01-22 07:16:48,CUST100069,CARD200163,Merchant_012,Grocery,IN,10.0.28.129,POS,45.36,Success,,99999.0,1,0,0.42,0
TXN4000149,2023-01-27 05:53:17,CUST100154,CARD200115,Merchant_119,Pharmacy,IN,10.0.57.42,POS,148.84,Success,,99999.0,1,0,2.06,0
TXN4000360,2023-01-27 14:03:48,CUST100143,CARD200148,Merchant_034,Pharmacy,IN,10.0.21.122,Android,29.37,Success,2023-01-17 01:48:04,15135.733333333334,1,0,0.86,0
TXN4000353,2023-01-29 14:35:08,CUST100159,CARD200144,Merchant_165,Travel,IN,10.0.33.215,Android,171.7,Success,,99999.0,1,0,1.61,0
TXN4000369,2023-02-05 11:28:01,CUST100112,CARD200280,Merchant_031,Dining,IN,10.0.59.224,Android,1.0,Success,,99999.0,1,0,0.03,1
TXN4000441,2023-02-08 07:36:41,CUST100064,CARD200272,Merchant_174,Travel,IN,10.0.42.70,Android,76.28,Success,,99999.0,1,0,1.04,0
TXN4000083,2023-02-09 04:29:54,CUST100029,CARD200138,Merchant_102,Utilities,CA,52.16.248,Web,144.4,Chargeback,,99999.0,1,1,2.07,0
TXN4000260,2023-02-10 08:08:02,CUST100185,CARD200176,Merchant_075,Entertainment,IN,10.0.34.175,Android,16.97,Success,,99999.0,1,0,0.78,0
TXN4000451,2023-02-14 23:20:17,CUST100132,CARD200147,Merchant_087,Electronics,IN,10.0.18.27,Web,65.41,Success,,99999.0,1,0,1.02,0
TXN4000496,2023-02-18 19:37:29,CUST100031,CARD200254,Merchant_105,Entertainment,IN,10.0.66.21,POS,81.29,Success,,99999.0,1,0,1.0,0
TXN4000339,2023-02-18 20:37:33,CUST100046,CARD200131,Merchant_175,Utilities,IN,10.0.52.156,Android,93.73,Success,,99999.0,1,0,0.26,0
TXN4000072,2023-02-22 00:16:49,CUST100178,CARD200241,Merchant_032,Entertainment,IN,10.0.23.150,iOS,49.93,Success,2023-01-07 08:53:07,65723.7,1,0,1.08,0
TXN4000109,2023-02-22 01:06:21,CUST100122,CARD200079,Merchant_190,Gaming,IN,10.0.78.214,POS,28.95,Success,,99999.0,1,0,0.61,0
TXN4000429,2023-02-22 19:29:53,CUST100170,CARD200294,Merchant_059,Fashion,IN,10.0.26.72,Android,30.42,Success,,99999.0,1,0,0.88,0
TXN4000437,2023-02-25 05:57:49,CUST100037,CARD200164,Merchant_181,Fashion,IN,10.0.43.64,POS,24.74,Success,,99999.0,1,0,0.33,0
TXN4000136,2023-02-26 10:44:39,CUST100092,CARD200215,Merchant_020,Grocery,IN,10.0.51.18,Android,9.49,Success,,99999.0,1,0,0.32,0
TXN4000065,2023-02-26 12:52:50,CUST100134,CARD200253,Merchant_033,Dining,IN,10.0.17.180,Android,257.98,Success,,99999.0,1,0,1.85,0
TXN4000114,2023-02-28 01:23:33,CUST100170,CARD200121,Merchant_091,Grocery,IN,10.0.94.35,Android,71.03,Success,2023-01-20 17:52:56,55170.61666666667,1,0,2.54,0
TXN4000366,2023-03-03 20:09:08,CUST100132,CARD200267,Merchant_200,Electronics,IN,10.0.37.10,Android,9.14,Success,,99999.0,1,0,0.61,0
TXN4000040,2023-03-05 04:01:40,CUST100046,CARD200131,Merchant_089,Entertainment,CA,52.70.27,Android,626.44,Success,2023-02-18 20:37:33,20604.116666666665,1,1,1.74,1
TXN4000253,2023-03-06 10:16:19,CUST100157,CARD200230,Merchant_035,Travel,IN,10.0.7.52,Android,40.81,Success,,99999.0,1,0,1.18,0
TXN4000472,2023-03-09 17:27:23,CUST100199,CARD200156,Merchant_119,Travel,IN,10.0.76.224,POS,135.83,Success,,99999.0,1,0,2.11,0
TXN4000493,2023-03-09 19:58:40,CUST100181,CARD200118,Merchant_056,Grocery,IN,10.0.80.39,Android,60.11,Success,,99999.0,1,0,1.01,0
TXN4000044,2023-03-13 03:23:22,CUST100047,CARD200177,Merchant_057,Grocery,IN,10.0.33.108,Android,148.08,Success,,99999.0,1,0,2.85,0
TXN4000029,2023-03-14 06:03:21,CUST100172,CARD200141,Merchant_199,Gaming,IN,10.0.3.49,Web,15.44,Chargeback,,99999.0,1,0,0.28,1
TXN4000459,2023-03-16 16:14:49,CUST100118,CARD200122,Merchant_080,Entertainment,IN,10.0.5.197,Android,215.65,Success,,99999.0,1,0,1.0,0
TXN4000146,2023-03-16 22:33:16,CUST100047,CARD200177,Merchant_085,Fashion,IN,10.0.83.158,Web,1.26,Success,2023-03-13 03:23:22,5469.9,1,0,0.02,0
TXN4000244,2023-03-22 22:32:38,CUST100199,CARD200156,Merchant_022,Dining,IN,10.0.31.125,iOS,10.6,Success,2023-03-09 17:27:23,19025.25,1,0,0.16,0
TXN4000482,2023-03-23 22:14:40,CUST100003,CARD200043,Merchant_093,Entertainment,IN,10.0.98.135,POS,93.25,Success,,99999.0,1,0,1.96,0
TXN4000080,2023-03-23 23:11:54,CUST100086,CARD200034,Merchant_138,Grocery,IN,10.0.81.100,Web,51.43,Success,,99999.0,1,0,1.75,0
TXN4000411,2023-03-27 00:55:13,CUST100131,CARD200149,Merchant_126,Utilities,IN,10.0.54.153,Android,73.89,Success,,99999.0,1,0,1.66,0
TXN4000205,2023-03-27 11:09:02,CUST100048,CARD200075,Merchant_035,Pharmacy,SG,52.46.131,iOS,62.11,Success,,99999.0,1,1,0.5,0
TXN4000129,2023-03-28 14:26:03,CUST100041,CARD200217,Merchant_016,Travel,IN,10.0.68.134,Android,12.18,Success,,99999.0,1,0,0.37,0
TXN4000337,2023-03-31 14:04:22,CUST100029,CARD200138,Merchant_199,Gaming,IN,10.0.10.82,iOS,91.11,Success,2023-02-09 04:29:54,72574.46666666666,1,0,1.3,0
TXN4000024,2023-04-01 21:17:05,CUST100182,CARD200058,Merchant_136,Fashion,IN,10.0.32.97,iOS,46.41,Success,,99999.0,1,0,0.16,0
TXN4000076,2023-04-02 05:07:23,CUST100032,CARD200172,Merchant_056,Utilities,SG,52.3.61,Android,21.14,Success,,99999.0,1,1,0.46,0
TXN4000166,2023-04-03 01:53:10,CUST100127,CARD200059,Merchant_040,Gaming,IN,10.0.90.240,POS,50.76,Success,,99999.0,1,0,1.79,0
TXN4000388,2023-04-03 03:20:00,CUST100086,CARD200034,Merchant_034,Travel,IN,10.0.72.52,iOS,16.08,Success,2023-03-23 23:11:54,14648.1,1,0,0.55,0
TXN4000392,2023-04-03 13:34:45,CUST100048,CARD200072,Merchant_184,Pharmacy,IN,10.0.24.58,Web,52.02,Success,,99999.0,1,0,1.06,0
TXN4000232,2023-04-05 10:11:24,CUST100144,CARD200165,Merchant_104,Pharmacy,IN,10.0.2.165,Android,53.47,Success,,99999.0,1,0,0.78,0
TXN4000204,2023-04-06 15:45:27,CUST100130,CARD200136,Merchant_047,Gaming,IN,10.0.95.171,Android,21.14,Success,,99999.0,1,0,1.0,0
TXN4000064,2023-04-07 16:53:37,CUST100157,CARD200230,Merchant_061,Fashion,IN,10.0.8.86,POS,42.64,Success,2023-03-06 10:16:19,46477.3,1,0,1.23,0
TXN4000372,2023-04-08 09:10:28,CUST100151,CARD200224,Merchant_107,Utilities,IN,10.0.73.167,POS,77.42,Success,,99999.0,1,0,1.67,0
TXN4000300,2023-04-09 07:53:37,CUST100032,CARD200281,Merchant_087,Travel,IN,10.0.87.59,Android,60.85,Success,,99999.0,1,0,1.23,0
TXN4000382,2023-04-10 11:03:10,CUST100097,CARD200042,Merchant_122,Fashion,IN,10.0.24.47,iOS,25.3,Success,,99999.0,1,0,1.3,0
TXN4000225,2023-04-13 23:25:22,CUST100193,CARD200229,Merchant_091,Dining,IN,10.0.86.79,iOS,14.82,Success,,99999.0,1,0,0.33,0
TXN4000312,2023-04-15 11:58:04,CUST100071,CARD200181,Merchant_107,Travel,IN,10.0.6.238,iOS,87.49,Success,,99999.0,1,0,2.43,0
TXN4000384,2023-04-15 13:29:16,CUST100040,CARD200191,Merchant_027,Dining,IN,10.0.32.241,Android,8.32,Success,,99999.0,1,0,0.21,0
TXN4000207,2023-04-16 23:22:58,CUST100027,CARD200045,Merchant_075,Gaming,IN,10.0.69.57,iOS,118.07,Success,,99999.0,1,0,1.39,0
TXN4000457,2023-04-17 22:34:50,CUST100164,CARD200089,Merchant_139,Fashion,IN,10.0.11.108,iOS,129.81,Success,,99999.0,1,0,1.16,0
TXN4000087,2023-04-19 03:44:23,CUST100038,CARD200233,Merchant_090,Pharmacy,IN,10.0.91.238,Web,67.07,Chargeback,,99999.0,1,0,1.37,0
TXN4000179,2023-04-19 11:35:42,CUST100071,CARD200181,Merchant_103,Entertainment,IN,10.0.58.130,Web,7.37,Success,2023-04-15 11:58:04,5737.633333333333,1,0,0.2,0
TXN4000294,2023-04-21 05:37:54,CUST100034,CARD200143,Merchant_138,Gaming,IN,10.0.93.32,Android,48.03,Success,,99999.0,1,0,0.5,0
TXN4000118,2023-04-21 12:11:46,CUST100046,CARD200107,Merchant_173,Grocery,IN,10.0.59.117,Web,1.0,Success,,99999.0,1,0,0.08,0
TXN4000465,2023-04-22 14:33:32,CUST100195,CARD200290,Merchant_122,Pharmacy,IN,10.0.98.130,iOS,13.72,Success,,99999.0,1,0,0.21,0
TXN4000453,2023-04-24 21:35:14,CUST100023,CARD200090,Merchant_137,Entertainment,IN,10.0.8.209,iOS,19.78,Success,,99999.0,1,0,1.71,0
TXN4000285,2023-04-26 14:51:57,CUST100122,CARD200079,Merchant_083,Grocery,IN,10.0.77.16,Android,15.99,Success,2023-02-22 01:06:21,91545.6,1,0,0.34,0
TXN4000397,2023-04-28 00:49:48,CUST100106,CARD200180,Merchant_027,Pharmacy,IN,10.0.55.103,iOS,60.67,Success,,99999.0,1,0,1.0,0
TXN4000395,2023-04-30 07:01:32,CUST100157,CARD200091,Merchant_007,Electronics,US,52.70.133,Android,10.73,Success,,99999.0,1,1,0.54,0
TXN4000435,2023-05-03 05:17:51,CUST100107,CARD200219,Merchant_194,Grocery,IN,10.0.40.157,iOS,6.73,Success,,99999.0,1,0,0.1,0
TXN4000286,2023-05-05 12:35:06,CUST100006,CARD200201,Merchant_179,Gaming,US,52.74.224,Android,32.44,Success,,99999.0,1,1,1.01,0
TXN4000050,2023-05-09 19:44:06,CUST100062,CARD200282,Merchant_154,Travel,IN,10.0.18.246,Android,71.69,Success,,99999.0,1,0,1.0,0
TXN4000013,2023-05-16 02:15:20,CUST100176,CARD200274,Merchant_122,Entertainment,IN,10.0.89.5,Android,47.74,Failed,,99999.0,1,0,0.7,0
TXN4000275,2023-05-17 03:53:14,CUST100023,CARD200162,Merchant_130,Travel,IN,10.0.14.114,iOS,30.73,Success,,99999.0,1,0,1.82,0
TXN4000439,2023-05-17 15:13:31,CUST100016,CARD200234,Merchant_076,Travel,IN,10.0.42.48,iOS,1.28,Success,,99999.0,1,0,0.03,0
TXN4000105,2023-05-18 16:43:54,CUST100159,CARD200144,Merchant_095,Grocery,IN,10.0.98.248,Web,49.32,Success,2023-01-29 14:35:08,157088.76666666666,1,0,0.46,0
TXN4000306,2023-05-20 22:42:42,CUST100144,CARD200165,Merchant_168,Pharmacy,IN,10.0.4.158,Android,42.25,Success,2023-04-05 10:11:24,65551.3,1,0,0.62,0
TXN4000345,2023-05-25 21:31:05,CUST100161,CARD200251,Merchant_155,Pharmacy,IN,10.0.4.252,iOS,19.24,Success,,99999.0,1,0,1.0,0
TXN4000380,2023-05-27 04:40:06,CUST100029,CARD200138,Merchant_036,Pharmacy,IN,10.0.90.203,Android,35.22,Success,2023-03-31 14:04:22,81515.73333333334,1,0,0.5,0
TXN4000167,2023-05-29 12:25:45,CUST100110,CARD200048,Merchant_109,Travel,IN,10.0.8.199,Android,392.68,Success,,99999.0,1,0,2.03,0
TXN4000150,2023-06-07 17:36:41,CUST100194,CARD200085,Merchant_091,Dining,IN,10.0.67.225,iOS,45.46,Success,,99999.0,1,0,1.26,0
TXN4000157,2023-06-10 07:27:50,CUST100144,CARD200291,Merchant_179,Pharmacy,IN,10.0.26.43,iOS,15.81,Success,,99999.0,1,0,0.42,0
TXN4000323,2023-06-11 14:32:49,CUST100157,CARD200230,Merchant_037,Grocery,IN,10.0.61.101,Web,35.52,Success,2023-04-07 16:53:37,93459.2,1,0,1.02,0
TXN4000292,2023-06-12 16:22:37,CUST100037,CARD200164,Merchant_055,Gaming,IN,10.0.91.118,Android,126.39,Success,2023-02-25 05:57:49,154704.8,1,0,1.69,0
TXN4000089,2023-06-14 01:35:07,CUST100108,CARD200046,Merchant_152,Electronics,IN,10.0.72.83,Android,144.28,Success,,99999.0,1,0,1.93,0
TXN4000499,2023-06-16 05:07:21,CUST100032,CARD200281,Merchant_172,Travel,IN,10.0.55.253,POS,73.66,Success,2023-04-09 07:53:37,97753.73333333334,1,0,1.49,0
TXN4000316,2023-06-16 12:18:05,CUST100039,CARD200103,Merchant_137,Fashion,IN,10.0.94.34,iOS,77.91,Success,,99999.0,1,0,1.0,0
TXN4000475,2023-06-18 17:06:05,CUST100002,CARD200082,Merchant_026,Dining,IN,10.0.90.221,iOS,19.54,Failed,,99999.0,1,0,0.3,0
TXN4000425,2023-06-19 07:02:05,CUST100002,CARD200082,Merchant_177,Fashion,IN,10.0.23.60,Android,117.98,Success,2023-06-18 17:06:05,836.0,2,0,1.79,0
TXN4000310,2023-06-20 05:27:11,CUST100112,CARD200280,Merchant_039,Travel,IN,10.0.61.18,Web,24.85,Failed,2023-02-05 11:28:01,194039.16666666666,1,0,0.84,0
TXN4000046,2023-06-21 02:44:05,CUST100073,CARD200114,Merchant_123,Utilities,IN,10.0.56.216,Android,6.92,Success,,99999.0,1,0,0.83,0
TXN4000303,2023-06-22 08:40:31,CUST100121,CARD200008,Merchant_019,Travel,IN,10.0.62.86,POS,1.8,Success,,99999.0,1,0,1.0,0
TXN4000137,2023-06-24 04:09:04,CUST100029,CARD200173,Merchant_069,Electronics,IN,10.0.13.48,Android,24.45,Success,,99999.0,1,0,0.38,0
TXN4000335,2023-06-25 08:29:38,CUST100111,CARD200287,Merchant_051,Grocery,IN,10.0.30.246,Android,70.48,Success,2023-01-21 01:00:30,223649.13333333333,1,0,1.95,0
TXN4000433,2023-06-27 22:22:57,CUST100038,CARD200233,Merchant_175,Utilities,IN,10.0.20.132,iOS,2.38,Success,2023-04-19 03:44:23,100478.56666666667,1,0,0.05,0
TXN4000301,2023-06-29 02:56:04,CUST100075,CARD200207,Merchant_132,Entertainment,IN,10.0.16.87,Android,59.91,Success,,99999.0,1,0,0.67,0
TXN4000017,2023-07-03 04:59:33,CUST100088,CARD200161,Merchant_082,Fashion,IN,10.0.45.165,POS,5.01,Success,,99999.0,1,0,0.15,0
TXN4000383,2023-07-04 08:25:34,CUST100008,CARD200007,Merchant_109,Travel,GB,52.43.77,POS,1.0,Success,,99999.0,1,1,0.03,0
TXN4000394,2023-07-04 21:02:30,CUST100164,CARD200089,Merchant_151,Pharmacy,IN,10.0.45.36,Android,208.77,Success,2023-04-17 22:34:50,112227.66666666667,1,0,1.86,0
TXN4000066,2023-07-06 12:36:54,CUST100046,CARD200005,Merchant_200,Electronics,GB,52.81.148,iOS,22.68,Failed,,99999.0,1,1,0.37,0
TXN4000069,2023-07-07 11:10:43,CUST100185,CARD200101,Merchant_118,Dining,IN,10.0.79.1,iOS,87.64,Success,,99999.0,1,0,0.47,0
TXN4000351,2023-07-09 08:27:44,CUST100155,CARD200128,Merchant_033,Fashion,IN,10.0.21.105,Android,9.04,Success,,99999.0,1,0,0.47,0
TXN4000442,2023-07-09 11:18:35,CUST100049,CARD200212,Merchant_115,Dining,CA,52.39.117,Web,9.82,Success,,99999.0,1,1,0.21,0
TXN4000242,2023-07-09 19:39:24,CUST100181,CARD200118,Merchant_125,Grocery,IN,10.0.90.240,iOS,112.48,Success,2023-03-09 19:58:40,175660.73333333334,1,0,1.89,0
TXN4000267,2023-07-12 19:44:46,CUST100053,CARD200151,Merchant_165,Travel,US,52.6.81,iOS,7.03,Success,,99999.0,1,1,0.27,0
TXN4000251,2023-07-17 01:15:38,CUST100185,CARD200176,Merchant_160,Grocery,IN,10.0.66.84,Android,26.67,Success,2023-02-10 08:08:02,225667.6,1,0,1.22,0
TXN4000092,2023-07-20 23:42:16,CUST100006,CARD200201,Merchant_125,Gaming,IN,10.0.72.127,iOS,31.97,Success,2023-05-05 12:35:06,110107.16666666667,1,0,0.99,0
TXN4000287,2023-07-22 06:52:52,CUST100027,CARD200045,Merchant_193,Travel,IN,10.0.98.159,Android,28.7,Success,2023-04-16 23:22:58,138689.9,1,0,0.34,0
TXN4000054,2023-07-23 03:15:53,CUST100034,CARD200047,Merchant_125,Grocery,IN,10.0.16.5,Web,26.36,Success,,99999.0,1,0,1.0,0
TXN4000470,2023-07-23 16:36:08,CUST100112,CARD200199,Merchant_143,Utilities,DE,52.89.244,iOS,19.26,Success,,99999.0,1,1,0.94,0
TXN4000428,2023-07-24 15:59:29,CUST100071,CARD200181,Merchant_165,Fashion,IN,10.0.99.25,Web,31.31,Success,2023-04-19 11:35:42,138503.78333333333,1,0,0.87,0
TXN4000257,2023-07-27 13:17:32,CUST100127,CARD200059,Merchant_068,Utilities,IN,10.0.87.16,Web,6.0,Success,2023-04-03 01:53:10,166284.36666666667,1,0,0.21,0
TXN4000106,2023-07-28 15:25:47,CUST100069,CARD200175,Merchant_060,Utilities,IN,10.0.76.65,Android,56.38,Success,,99999.0,1,0,0.95,0
TXN4000406,2023-07-28 21:36:27,CUST100057,CARD200012,Merchant_165,Dining,GB,52.26.161,iOS,252.5,Success,,99999.0,1,1,1.97,0
TXN4000148,2023-07-30 15:39:21,CUST100103,CARD200279,Merchant_174,Gaming,IN,10.0.20.152,Web,103.42,Success,,99999.0,1,0,1.58,0
TXN4000154,2023-07-31 12:42:48,CUST100009,CARD200028,Merchant_176,Grocery,IN,10.0.29.140,Android,23.69,Success,,99999.0,1,0,0.34,0
TXN4000139,2023-08-01 03:08:50,CUST100112,CARD200199,Merchant_003,Pharmacy,IN,10.0.5.126,Android,21.71,Success,2023-07-23 16:36:08,12152.7,1,0,1.06,0
TXN4000210,2023-08-03 10:21:43,CUST100194,CARD200035,Merchant_087,Electronics,IN,10.0.93.199,Android,8.24,Success,,99999.0,1,0,0.19,0
TXN4000113,2023-08-07 06:43:07,CUST100103,CARD200279,Merchant_197,Gaming,IN,10.0.70.246,iOS,77.08,Success,2023-07-30 15:39:21,10983.766666666666,1,0,1.18,0
TXN4000302,2023-08-13 23:23:25,CUST100186,CARD200013,Merchant_046,Pharmacy,IN,10.0.78.6,Web,69.48,Success,,99999.0,1,0,1.93,0
TXN4000014,2023-08-17 03:08:10,CUST100082,CARD200295,Merchant_082,Pharmacy,IN,10.0.21.146,Android,30.53,Success,,99999.0,1,0,0.08,0
TXN4000221,2023-08-18 21:04:16,CUST100008,CARD200007,Merchant_176,Dining,IN,10.0.53.141,Web,11.52,Success,2023-07-04 08:25:34,65558.7,1,0,0.32,0
TXN4000079,2023-08-21 23:15:00,CUST100070,CARD200152,Merchant_167,Gaming,IN,10.0.95.105,Android,30.95,Success,,99999.0,1,0,1.0,0
TXN4000471,2023-08-25 10:23:24,CUST100003,CARD200222,Merchant_132,Pharmacy,IN,10.0.98.204,iOS,24.72,Success,,99999.0,1,0,1.0,0
TXN4000016,2023-08-31 02:55:10,CUST100178,CARD200241,Merchant_103,Dining,IN,10.0.86.253,Android,71.2,Success,2023-02-22 00:16:49,273758.35,1,0,1.54,0
TXN4000042,2023-09-01 09:53:49,CUST100164,CARD200089,Merchant_035,Travel,IN,10.0.86.82,Web,89.61,Success,2023-07-04 21:02:30,84291.31666666667,1,0,0.8,0
TXN4000290,2023-09-07 05:38:35,CUST100000,CARD200297,Merchant_010,Pharmacy,IN,10.0.98.140,Web,106.5,Success,,99999.0,1,0,0.68,0
TXN4000342,2023-09-07 21:26:19,CUST100085,CARD200182,Merchant_041,Dining,IN,10.0.82.187,Android,71.29,Success,,99999.0,1,0,1.0,0
TXN4000138,2023-09-09 03:23:43,CUST100009,CARD200028,Merchant_034,Grocery,US,52.71.158,Android,116.92,Failed,2023-07-31 12:42:48,57040.916666666664,1,1,1.66,0
TXN4000255,2023-09-11 02:02:29,CUST100113,CARD200228,Merchant_030,Fashion,US,52.57.81,Android,5.38,Success,,99999.0,1,1,0.14,0
TXN4000408,2023-09-11 20:16:18,CUST100169,CARD200213,Merchant_005,Dining,IN,10.0.50.208,Android,482.67,Success,,99999.0,1,0,1.0,0
TXN4000273,2023-09-14 19:56:18,CUST100071,CARD200181,Merchant_002,Gaming,IN,10.0.50.177,iOS,48.08,Success,2023-07-24 15:59:29,75116.81666666667,1,0,1.34,0
TXN4000338,2023-09-16 11:17:38,CUST100029,CARD200196,Merchant_141,Pharmacy,IN,10.0.78.53,iOS,5.61,Success,,99999.0,1,0,0.03,0
TXN4000245,2023-09-19 23:46:33,CUST100110,CARD200244,Merchant_079,Utilities,GB,52.29.50,iOS,47.81,Success,,99999.0,1,1,1.0,0
TXN4000233,2023-09-24 00:16:42,CUST100002,CARD200082,Merchant_175,Grocery,IN,10.0.64.60,Android,141.1,Success,2023-06-19 07:02:05,139274.61666666667,1,0,2.14,0
TXN4000098,2023-09-27 05:31:17,CUST100144,CARD200133,Merchant_132,Utilities,IN,10.0.81.120,Android,22.25,Success,,99999.0,1,0,1.0,0
TXN4000456,2023-09-27 18:41:58,CUST100010,CARD200041,Merchant_096,Travel,IN,10.0.7.126,Android,20.81,Success,,99999.0,1,0,0.6,0
TXN4000222,2023-09-30 19:18:18,CUST100095,CARD200092,Merchant_169,Fashion,IN,10.0.100.226,POS,32.7,Success,,99999.0,1,0,1.41,0
TXN4000229,2023-10-01 16:22:56,CUST100037,CARD200164,Merchant_185,Pharmacy,IN,10.0.62.80,Android,73.13,Success,2023-06-12 16:22:37,159840.31666666668,1,0,0.98,0
TXN4000188,2023-10-05 07:07:18,CUST100157,CARD200277,Merchant_152,Gaming,IN,10.0.82.175,Android,8.99,Success,,99999.0,1,0,1.0,0
TXN4000062,2023-10-08 22:01:23,CUST100033,CARD200095,Merchant_172,Gaming,IN,10.0.25.240,iOS,187.2,Success,,99999.0,1,0,1.0,0
TXN4000037,2023-10-09 06:21:26,CUST100006,CARD200015,Merchant_143,Dining,IN,10.0.12.114,Android,18.29,Success,,99999.0,1,0,1.0,0
TXN4000399,2023-10-09 07:31:06,CUST100000,CARD200297,Merchant_082,Pharmacy,IN,10.0.13.67,Android,286.59,Success,2023-09-07 05:38:35,46192.51666666667,1,0,1.83,0
TXN4000489,2023-10-10 06:52:43,CUST100143,CARD200148,Merchant_039,Dining,IN,10.0.85.143,Android,11.37,Success,2023-01-27 14:03:48,368208.9166666667,1,0,0.33,0
TXN4000468,2023-10-10 08:59:51,CUST100176,CARD200274,Merchant_118,Dining,US,52.76.81,Web,152.19,Failed,2023-05-16 02:15:20,212084.51666666666,1,1,2.24,0
TXN4000033,2023-10-12 12:24:59,CUST100131,CARD200149,Merchant_032,Pharmacy,IN,10.0.98.190,Android,15.0,Success,2023-03-27 00:55:13,287249.76666666666,1,0,0.34,0
TXN4000491,2023-10-12 15:28:41,CUST100195,CARD200290,Merchant_108,Utilities,IN,10.0.92.29,Android,165.37,Success,2023-04-22 14:33:32,249175.15,1,0,2.5,0
TXN4000250,2023-10-13 09:49:40,CUST100029,CARD200226,Merchant_075,Entertainment,IN,10.0.27.220,iOS,83.28,Chargeback,,99999.0,1,0,1.0,0
TXN4000133,2023-10-20 11:20:52,CUST100071,CARD200246,Merchant_155,Pharmacy,IN,10.0.53.202,iOS,14.96,Success,,99999.0,1,0,0.37,0
TXN4000164,2023-10-26 17:18:16,CUST100053,CARD200259,Merchant_188,Entertainment,IN,10.0.42.70,Android,109.05,Success,,99999.0,1,0,1.67,0
TXN4000041,2023-11-01 01:16:29,CUST100143,CARD200148,Merchant_099,Entertainment,IN,10.0.83.239,Web,67.79,Success,2023-10-10 06:52:43,31343.766666666666,1,0,1.98,0
TXN4000209,2023-11-01 12:00:44,CUST100071,CARD200181,Merchant_136,Entertainment,IN,10.0.79.90,Android,2.85,Success,2023-09-14 19:56:18,68644.43333333333,1,0,0.08,0
TXN4000230,2023-11-01 14:00:44,CUST100057,CARD200012,Merchant_038,Dining,IN,10.0.69.243,Android,102.15,Success,2023-07-28 21:36:27,137784.28333333333,1,0,0.8,0
TXN4000196,2023-11-03 16:50:17,CUST100170,CARD200121,Merchant_101,Travel,IN,10.0.86.39,iOS,11.88,Success,2023-02-28 01:23:33,358046.73333333334,1,0,0.42,0
TXN4000363,2023-11-05 12:03:29,CUST100046,CARD200107,Merchant_109,Travel,IN,10.0.62.28,iOS,25.41,Success,2023-04-21 12:11:46,285111.7166666667,1,0,1.92,0
TXN4000288,2023-11-05 12:09:02,CUST100003,CARD200043,Merchant_010,Electronics,IN,10.0.48.241,Android,2.03,Success,2023-03-23 22:14:40,326274.36666666664,1,0,0.04,0
TXN4000297,2023-11-06 13:58:05,CUST100049,CARD200212,Merchant_149,Gaming,IN,10.0.69.143,Android,82.86,Success,2023-07-09 11:18:35,172959.5,1,0,1.79,0
TXN4000243,2023-11-06 16:28:49,CUST100034,CARD200143,Merchant_152,Entertainment,IN,10.0.74.131,Android,112.88,Failed,2023-04-21 05:37:54,287210.9166666667,1,0,1.18,0
TXN4000176,2023-11-07 09:42:14,CUST100108,CARD200046,Merchant_043,Pharmacy,IN,10.0.5.191,Android,5.55,Success,2023-06-14 01:35:07,210727.11666666667,1,0,0.07,0
TXN4000473,2023-11-09 21:08:20,CUST100141,CARD200250,Merchant_059,Dining,IN,10.0.23.176,Android,43.08,Success,,99999.0,1,0,1.27,0
TXN4000246,2023-11-14 08:54:47,CUST100139,CARD200074,Merchant_008,Fashion,IN,10.0.65.118,Web,4.09,Success,,99999.0,1,0,1.0,0
TXN4000208,2023-11-14 13:51:15,CUST100000,CARD200297,Merchant_119,Travel,IN,10.0.3.94,Web,76.13,Success,2023-10-09 07:31:06,52220.15,1,0,0.49,0
TXN4000403,2023-11-16 11:33:28,CUST100132,CARD200197,Merchant_056,Dining,GB,52.84.93,Android,24.24,Success,,99999.0,1,1,1.5,0
TXN4000015,2023-11-23 09:07:08,CUST100086,CARD200292,Merchant_022,Pharmacy,IN,10.0.52.217,Web,60.32,Success,,99999.0,1,0,0.45,0
TXN4000001,2023-11-28 22:10:18,CUST100057,CARD200062,Merchant_020,Dining,IN,10.0.48.154,Android,85.98,Success,,99999.0,1,0,2.15,0
TXN4000313,2023-11-30 18:21:36,CUST100164,CARD200089,Merchant_042,Electronics,US,52.83.84,iOS,26.99,Success,2023-09-01 09:53:49,130107.78333333334,1,1,0.24,0
TXN4000434,2023-12-02 07:22:14,CUST100154,CARD200115,Merchant_086,Utilities,IN,10.0.51.254,Android,60.22,Success,2023-01-27 05:53:17,445048.95,1,0,0.83,0
TXN4000488,2023-12-03 08:24:31,CUST100155,CARD200128,Merchant_108,Fashion,IN,10.0.66.22,iOS,29.32,Success,2023-07-09 08:27:44,211676.78333333333,1,0,1.53,0
TXN4000194,2023-12-03 10:54:33,CUST100114,CARD200225,Merchant_150,Entertainment,IN,10.0.44.145,iOS,43.25,Success,,99999.0,1,0,1.23,0
TXN4000220,2023-12-04 19:58:58,CUST100194,CARD200060,Merchant_159,Travel,IN,10.0.70.191,Android,772.43,Failed,,99999.0,1,0,2.41,0
TXN4000212,2023-12-05 20:18:53,CUST100187,CARD200052,Merchant_170,Dining,IN,10.0.66.89,POS,68.74,Success,,99999.0,1,0,1.0,0
TXN4000322,2023-12-06 15:10:01,CUST100078,CARD200269,Merchant_190,Entertainment,IN,10.0.4.219,iOS,34.07,Success,,99999.0,1,0,1.0,0
TXN4000198,2023-12-07 00:13:35,CUST100012,CARD200073,Merchant_096,Electronics,IN,10.0.60.219,iOS,52.27,Success,,99999.0,1,0,1.0,0
TXN4000056,2023-12-09 22:33:17,CUST100194,CARD200035,Merchant_074,Pharmacy,IN,10.0.69.33,POS,79.26,Success,2023-08-03 10:21:43,185051.56666666668,1,0,1.83,0
TXN4000247,2023-12-12 11:48:25,CUST100096,CARD200040,Merchant_197,Pharmacy,AE,52.24.45,iOS,13.54,Success,,99999.0,1,1,1.42,0
TXN4000010,2023-12-18 07:20:53,CUST100106,CARD200206,Merchant_118,Travel,IN,10.0.16.101,Android,124.45,Success,,99999.0,1,0,1.0,0
TXN4000474,2023-12-18 08:50:09,CUST100099,CARD200119,Merchant_102,Gaming,IN,10.0.50.82,Web,11.24,Success,,99999.0,1,0,1.0,0
TXN4000373,2023-12-20 16:31:35,CUST100023,CARD200090,Merchant_199,Dining,IN,10.0.38.145,Web,3.4,Success,2023-04-24 21:35:14,345296.35,1,0,0.29,0
TXN4000180,2023-12-27 18:30:46,CUST100028,CARD200100,Merchant_140,Grocery,IN,10.0.81.253,iOS,131.65,Success,,99999.0,1,0,1.27,0
TXN4000027,2023-12-27 21:45:13,CUST100068,CARD200093,Merchant_160,Pharmacy,US,52.51.147,Web,22.09,Failed,,99999.0,1,1,0.69,0
TXN4000132,2023-12-29 18:18:21,CUST100029,CARD200196,Merchant_057,Travel,IN,10.0.48.190,Web,38.16,Success,2023-09-16 11:17:38,150180.71666666667,1,0,0.21,0
TXN4000008,2024-01-01 11:39:32,CUST100033,CARD200033,Merchant_131,Gaming,IN,10.0.89.36,iOS,11.78,Success,,99999.0,1,0,0.53,0
TXN4000298,2024-01-01 20:49:22,CUST100121,CARD200243,Merchant_064,Utilities,IN,10.0.93.234,iOS,1.88,Success,,99999.0,1,0,0.31,0
TXN4000449,2024-01-02 03:47:17,CUST100027,CARD200255,Merchant_142,Utilities,IN,10.0.94.250,Android,206.4,Success,,99999.0,1,0,1.72,0
TXN4000386,2024-01-02 06:21:49,CUST100143,CARD200148,Merchant_126,Electronics,IN,10.0.31.234,Android,58.51,Failed,2023-11-01 01:16:29,89585.33333333333,1,0,1.7,0
TXN4000238,2024-01-02 23:58:23,CUST100128,CARD200190,Merchant_101,Travel,IN,10.0.19.244,Android,1.0,Success,,99999.0,1,0,0.06,0
TXN4000236,2024-01-04 03:49:52,CUST100032,CARD200172,Merchant_150,Electronics,IN,10.0.71.116,Android,11.18,Success,2023-04-02 05:07:23,398802.48333333334,1,0,0.25,0
TXN4000023,2024-01-08 09:01:10,CUST100159,CARD200006,Merchant_105,Fashion,IN,10.0.51.107,POS,12.63,Success,2023-01-06 19:45:24,527835.7666666667,1,0,0.57,0
TXN4000276,2024-01-08 12:02:39,CUST100048,CARD200257,Merchant_148,Travel,IN,10.0.9.31,iOS,125.38,Success,,99999.0,1,0,1.45,0
TXN4000444,2024-01-09 15:35:08,CUST100064,CARD200247,Merchant_199,Entertainment,IN,10.0.30.199,Android,15.86,Success,,99999.0,1,0,0.19,0
TXN4000409,2024-01-11 22:17:26,CUST100159,CARD200006,Merchant_050,Utilities,IN,10.0.82.151,iOS,39.14,Failed,2024-01-08 09:01:10,5116.266666666666,1,0,1.77,0
TXN4000181,2024-01-13 09:35:06,CUST100029,CARD200196,Merchant_094,Entertainment,IN,10.0.37.76,Web,662.46,Failed,2023-12-29 18:18:21,21076.75,1,0,3.56,0
TXN4000365,2024-01-13 20:29:52,CUST100194,CARD200035,Merchant_089,Gaming,IN,10.0.40.176,Android,42.69,Failed,2023-12-09 22:33:17,50276.583333333336,1,0,0.98,0
TXN4000192,2024-01-18 04:56:29,CUST100086,CARD200292,Merchant_170,Grocery,IN,10.0.85.3,POS,7.96,Success,2023-11-23 09:07:08,80389.35,1,0,0.06,0
TXN4000317,2024-01-20 02:27:54,CUST100023,CARD200248,Merchant_044,Electronics,IN,10.0.68.91,iOS,7.9,Success,,99999.0,1,0,0.2,0
TXN4000460,2024-01-23 08:01:12,CUST100162,CARD200160,Merchant_147,Entertainment,IN,10.0.32.205,Android,66.89,Success,,99999.0,1,0,0.89,0
TXN4000111,2024-01-23 23:26:40,CUST100091,CARD200050,Merchant_192,Pharmacy,IN,10.0.91.25,Android,6.91,Success,,99999.0,1,0,0.72,0
TXN4000185,2024-01-26 01:09:08,CUST100199,CARD200156,Merchant_112,Pharmacy,IN,10.0.1.12,Android,23.06,Success,2023-03-22 22:32:38,445116.5,1,0,0.36,0
TXN4000147,2024-01-28 08:36:50,CUST100112,CARD200280,Merchant_105,Grocery,SG,52.78.54,iOS,62.29,Success,2023-06-20 05:27:11,319869.65,1,1,2.1,0
TXN4000172,2024-01-31 16:58:22,CUST100095,CARD200092,Merchant_098,Electronics,IN,10.0.52.50,Web,3.29,Success,2023-09-30 19:18:18,176980.06666666668,1,0,0.14,0
TXN4000277,2024-02-02 09:06:04,CUST100078,CARD200284,Merchant_031,Fashion,IN,10.0.89.99,iOS,6.57,Success,,99999.0,1,0,0.19,0
TXN4000431,2024-02-03 14:14:30,CUST100002,CARD200082,Merchant_122,Electronics,IN,10.0.85.194,Android,3.09,Success,2023-09-24 00:16:42,190917.8,1,0,0.05,0
TXN4000151,2024-02-04 21:50:31,CUST100013,CARD200011,Merchant_143,Dining,IN,10.0.37.81,iOS,574.46,Success,,99999.0,1,0,1.0,0
TXN4000361,2024-02-05 07:03:33,CUST100016,CARD200025,Merchant_187,Entertainment,IN,10.0.49.198,Web,89.97,Failed,,99999.0,1,0,1.0,0
TXN4000020,2024-02-05 11:25:09,CUST100082,CARD200120,Merchant_096,Gaming,IN,10.0.11.3,Android,47.97,Success,,99999.0,1,0,1.0,0
TXN4000414,2024-02-07 18:16:52,CUST100027,CARD200045,Merchant_132,Fashion,IN,10.0.99.71,Android,18.19,Success,2023-07-22 06:52:52,288684.0,1,0,0.21,0
TXN4000477,2024-02-08 23:46:25,CUST100116,CARD200211,Merchant_148,Dining,IN,10.0.18.37,Android,71.49,Success,,99999.0,1,0,1.55,0
TXN4000082,2024-02-09 00:25:57,CUST100194,CARD200060,Merchant_199,Fashion,IN,10.0.35.240,iOS,55.21,Success,2023-12-04 19:58:58,95306.98333333334,1,0,0.17,0
TXN4000469,2024-02-09 02:08:44,CUST100069,CARD200175,Merchant_013,Grocery,IN,10.0.13.139,Android,62.02,Success,2023-07-28 15:25:47,281442.95,1,0,1.05,0
TXN4000293,2024-02-14 08:21:44,CUST100029,CARD200138,Merchant_060,Fashion,IN,10.0.23.106,Android,8.85,Chargeback,2023-05-27 04:40:06,378941.63333333336,1,0,0.13,0
TXN4000224,2024-02-15 10:09:30,CUST100028,CARD200100,Merchant_050,Utilities,IN,10.0.97.250,iOS,62.71,Success,2023-12-27 18:30:46,71498.73333333334,1,0,0.61,0
TXN4000378,2024-02-16 01:24:34,CUST100031,CARD200299,Merchant_017,Fashion,IN,10.0.87.50,Android,133.9,Success,,99999.0,1,0,1.0,0
TXN4000084,2024-02-16 17:43:37,CUST100186,CARD200013,Merchant_108,Pharmacy,SG,52.14.189,Android,2.4,Failed,2023-08-13 23:23:25,268940.2,1,1,0.07,0
TXN4000467,2024-02-21 03:12:12,CUST100122,CARD200126,Merchant_189,Gaming,IN,10.0.35.154,Android,5.29,Success,,99999.0,1,0,0.22,0
TXN4000358,2024-02-22 00:19:10,CUST100111,CARD200158,Merchant_180,Entertainment,IN,10.0.92.66,Android,109.01,Success,,99999.0,1,0,1.81,0
TXN4000336,2024-02-25 09:59:38,CUST100057,CARD200070,Merchant_038,Utilities,IN,10.0.30.173,Web,26.54,Chargeback,,99999.0,1,0,0.38,0
TXN4000163,2024-02-25 21:29:07,CUST100110,CARD200108,Merchant_138,Gaming,IN,10.0.35.183,Android,135.91,Failed,,99999.0,1,0,1.63,0
TXN4000296,2024-03-01 13:54:10,CUST100040,CARD200191,Merchant_163,Pharmacy,IN,10.0.98.10,Android,42.29,Success,2023-04-15 13:29:16,462264.9,1,0,1.09,0
TXN4000318,2024-03-01 20:00:04,CUST100132,CARD200147,Merchant_198,Gaming,IN,10.0.24.153,iOS,82.6,Success,2023-02-14 23:20:17,548439.7833333333,1,0,1.28,0
TXN4000452,2024-03-08 17:02:27,CUST100083,CARD200086,Merchant_081,Pharmacy,IN,10.0.56.91,Android,31.91,Success,,99999.0,1,0,0.57,0
TXN4000063,2024-03-09 06:53:13,CUST100111,CARD200283,Merchant_091,Grocery,SG,52.87.107,Web,99.87,Success,2023-01-07 14:09:16,614443.95,1,1,1.83,0
TXN4000234,2024-03-14 03:42:32,CUST100164,CARD200242,Merchant_081,Dining,IN,10.0.5.164,iOS,76.47,Success,,99999.0,1,0,1.32,0
TXN4000486,2024-03-18 18:13:10,CUST100193,CARD200229,Merchant_149,Electronics,IN,10.0.86.95,Android,83.98,Chargeback,2023-04-13 23:25:22,489287.8,1,0,1.85,0
TXN4000115,2024-03-20 05:41:16,CUST100182,CARD200058,Merchant_028,Pharmacy,IN,10.0.74.177,Android,797.11,Success,2023-04-01 21:17:05,508824.18333333335,1,0,2.82,0
TXN4000421,2024-03-20 12:14:39,CUST100116,CARD200261,Merchant_009,Utilities,IN,10.0.99.126,iOS,51.56,Success,,99999.0,1,0,1.0,0
TXN4000215,2024-03-26 04:43:51,CUST100039,CARD200069,Merchant_027,Utilities,IN,10.0.61.211,iOS,54.97,Success,,99999.0,1,0,1.0,0
TXN4000032,2024-03-26 13:58:21,CUST100057,CARD200155,Merchant_034,Electronics,IN,10.0.79.196,POS,39.14,Success,,99999.0,1,0,1.0,0
TXN4000321,2024-04-03 02:51:11,CUST100041,CARD200217,Merchant_159,Grocery,IN,10.0.31.12,Web,39.28,Success,2023-03-28 14:26:03,534985.1333333333,1,0,1.18,0
TXN4000480,2024-04-04 00:57:09,CUST100191,CARD200184,Merchant_121,Gaming,DE,52.52.134,Android,55.14,Success,,99999.0,1,1,1.8,0
TXN4000077,2024-04-07 12:26:43,CUST100095,CARD200168,Merchant_072,Pharmacy,IN,10.0.65.165,Android,27.05,Success,,99999.0,1,0,0.46,0
TXN4000162,2024-04-07 23:23:29,CUST100058,CARD200106,Merchant_155,Grocery,IN,10.0.41.142,Android,62.57,Failed,,99999.0,1,0,1.29,0
TXN4000019,2024-04-12 03:59:49,CUST100097,CARD200188,Merchant_015,Dining,IN,10.0.31.157,Android,91.21,Success,,99999.0,1,0,1.12,0
TXN4000299,2024-04-12 16:39:19,CUST100011,CARD200000,Merchant_094,Fashion,IN,10.0.46.74,Web,11.46,Success,2023-01-15 20:18:12,652101.1166666667,1,0,0.27,0
TXN4000184,2024-04-12 21:27:58,CUST100110,CARD200108,Merchant_031,Utilities,IN,10.0.83.82,POS,31.29,Success,2024-02-25 21:29:07,67678.85,1,0,0.37,0
TXN4000059,2024-04-13 16:43:08,CUST100076,CARD200265,Merchant_179,Grocery,IN,10.0.49.184,Android,20.8,Success,,99999.0,1,0,1.0,0
TXN4000320,2024-04-14 22:40:11,CUST100016,CARD200234,Merchant_167,Utilities,IN,10.0.31.197,Web,78.42,Success,2023-05-17 15:13:31,479966.6666666667,1,0,2.01,0
TXN4000405,2024-04-23 16:16:54,CUST100113,CARD200228,Merchant_020,Utilities,IN,10.0.59.90,iOS,116.37,Success,2023-09-11 02:02:29,324854.4166666667,1,0,3.11,0
TXN4000447,2024-04-25 15:57:52,CUST100091,CARD200050,Merchant_075,Utilities,IN,10.0.51.92,Android,12.22,Success,2024-01-23 23:26:40,133471.2,1,0,1.28,0
TXN4000377,2024-05-09 06:39:09,CUST100085,CARD200154,Merchant_048,Electronics,IN,10.0.19.175,POS,42.74,Success,,99999.0,1,0,1.11,0
TXN4000178,2024-05-09 23:46:31,CUST100132,CARD200147,Merchant_169,Electronics,IN,10.0.78.172,Web,95.67,Success,2024-03-01 20:00:04,99586.45,1,0,1.49,0
TXN4000381,2024-05-11 19:57:43,CUST100103,CARD200279,Merchant_170,Pharmacy,IN,10.0.93.249,iOS,33.97,Success,2023-08-07 06:43:07,401114.6,1,0,0.52,0
TXN4000006,2024-05-13 22:33:10,CUST100149,CARD200117,Merchant_084,Grocery,IN,10.0.94.133,iOS,1.32,Failed,,99999.0,1,0,1.0,0
TXN4000295,2024-05-14 00:16:57,CUST100031,CARD200153,Merchant_010,Fashion,IN,10.0.64.65,Android,159.89,Chargeback,,99999.0,1,0,1.15,0
TXN4000036,2024-05-16 17:40:44,CUST100023,CARD200248,Merchant_156,Grocery,IN,10.0.76.177,Android,36.84,Success,2024-01-20 02:27:54,169392.83333333334,1,0,0.96,0
TXN4000057,2024-05-17 01:19:08,CUST100163,CARD200258,Merchant_199,Travel,IN,10.0.89.240,Android,99.26,Success,,99999.0,1,0,1.65,0
TXN4000096,2024-05-19 07:00:20,CUST100023,CARD200248,Merchant_108,Travel,IN,10.0.73.9,Android,9.07,Success,2024-05-16 17:40:44,3679.6,1,0,0.24,0
TXN4000197,2024-05-19 09:15:01,CUST100047,CARD200218,Merchant_086,Dining,IN,10.0.69.48,iOS,39.08,Success,,99999.0,1,0,0.99,0
TXN4000264,2024-05-20 14:09:22,CUST100144,CARD200165,Merchant_041,Electronics,IN,10.0.71.38,Android,114.58,Success,2023-05-20 22:42:42,526526.6666666666,1,0,1.67,0
TXN4000308,2024-05-21 03:01:18,CUST100005,CARD200227,Merchant_196,Fashion,IN,10.0.91.212,Android,58.45,Success,,99999.0,1,0,1.45,0
TXN4000483,2024-05-24 22:01:17,CUST100066,CARD200210,Merchant_067,Utilities,US,52.99.116,Android,22.0,Success,,99999.0,1,1,1.0,0
TXN4000121,2024-06-02 19:34:04,CUST100095,CARD200168,Merchant_157,Travel,IN,10.0.75.150,Web,91.64,Success,2024-04-07 12:26:43,81067.35,1,0,1.54,0
TXN4000007,2024-06-06 12:22:47,CUST100185,CARD200101,Merchant_173,Gaming,IN,10.0.6.120,iOS,409.18,Success,2023-07-07 11:10:43,482472.06666666665,1,0,2.22,0
TXN4000075,2024-06-10 08:52:55,CUST100182,CARD200058,Merchant_159,Grocery,IN,10.0.9.112,Web,5.43,Success,2024-03-20 05:41:16,118271.65,1,0,0.02,0
TXN4000445,2024-06-11 04:50:24,CUST100170,CARD200294,Merchant_165,Entertainment,IN,10.0.67.28,Web,38.33,Success,2023-02-22 19:29:53,683120.5166666667,1,0,1.12,0
TXN4000125,2024-06-16 01:22:30,CUST100073,CARD200114,Merchant_004,Pharmacy,IN,10.0.50.5,iOS,9.85,Failed,2023-06-21 02:44:05,519758.4166666667,1,0,1.17,0
TXN4000217,2024-06-17 16:48:48,CUST100071,CARD200246,Merchant_199,Grocery,IN,10.0.7.242,iOS,20.45,Success,2023-10-20 11:20:52,347367.93333333335,1,0,0.51,0
TXN4000484,2024-06-18 00:18:11,CUST100113,CARD200157,Merchant_087,Pharmacy,IN,10.0.72.140,Android,11.97,Success,,99999.0,1,0,0.54,0
TXN4000119,2024-06-18 12:28:18,CUST100134,CARD200253,Merchant_063,Travel,GB,52.77.112,iOS,158.33,Success,2023-02-26 12:52:50,688295.4666666667,1,1,1.14,0
TXN4000218,2024-06-23 03:56:57,CUST100159,CARD200144,Merchant_023,Grocery,IN,10.0.25.231,iOS,66.84,Success,2023-05-18 16:43:54,578113.05,1,0,0.63,0
TXN4000291,2024-06-24 12:12:55,CUST100144,CARD200165,Merchant_156,Utilities,IN,10.0.27.72,POS,41.89,Success,2024-05-20 14:09:22,50283.55,1,0,0.61,0
TXN4000262,2024-06-27 23:56:24,CUST100048,CARD200075,Merchant_101,Entertainment,DE,52.92.169,Web,185.5,Success,2023-03-27 11:09:02,660287.3666666667,1,1,1.5,0
TXN4000307,2024-07-02 07:56:52,CUST100142,CARD200192,Merchant_171,Travel,IN,10.0.49.64,iOS,6.8,Success,,99999.0,1,0,0.4,0
TXN4000055,2024-07-05 08:33:23,CUST100054,CARD200231,Merchant_174,Grocery,IN,10.0.10.29,Android,7.97,Success,,99999.0,1,0,0.16,0
TXN4000479,2024-07-09 16:09:54,CUST100119,CARD200194,Merchant_045,Dining,IN,10.0.27.88,Web,26.38,Success,2023-01-03 05:59:15,796930.65,1,0,1.75,0
TXN4000487,2024-07-12 21:52:21,CUST100047,CARD200014,Merchant_102,Grocery,IN,10.0.45.238,iOS,122.39,Success,,99999.0,1,0,1.72,0
TXN4000025,2024-07-15 01:17:21,CUST100199,CARD200276,Merchant_032,Grocery,IN,10.0.2.2,Android,39.13,Success,,99999.0,1,0,1.0,0
TXN4000070,2024-07-15 23:54:46,CUST100027,CARD200016,Merchant_048,Grocery,IN,10.0.18.41,POS,5.86,Success,2023-01-17 10:00:14,785634.5333333333,1,0,0.03,0
TXN4000376,2024-07-16 00:07:36,CUST100057,CARD200062,Merchant_191,Entertainment,IN,10.0.72.201,Android,27.88,Success,2023-11-28 22:10:18,331317.3,1,0,0.7,0
TXN4000422,2024-07-19 07:56:51,CUST100140,CARD200236,Merchant_115,Entertainment,IN,10.0.7.53,Web,47.69,Chargeback,,99999.0,1,0,0.99,0
TXN4000370,2024-07-21 03:48:32,CUST100097,CARD200188,Merchant_193,Gaming,IN,10.0.24.43,Android,71.18,Success,2024-04-12 03:59:49,143988.71666666667,1,0,0.88,0
TXN4000177,2024-07-25 09:20:11,CUST100185,CARD200036,Merchant_146,Dining,IN,10.0.36.25,Android,112.3,Success,,99999.0,1,0,1.0,0
TXN4000094,2024-07-26 08:30:39,CUST100129,CARD200125,Merchant_014,Entertainment,IN,10.0.83.53,Android,12.16,Chargeback,,99999.0,1,0,1.0,0
TXN4000103,2024-08-05 08:47:16,CUST100068,CARD200093,Merchant_072,Dining,IN,10.0.28.236,Web,45.29,Success,2023-12-27 21:45:13,318902.05,1,0,1.42,0
TXN4000211,2024-08-05 14:04:53,CUST100075,CARD200207,Merchant_038,Pharmacy,IN,10.0.95.102,iOS,172.72,Success,2023-06-29 02:56:04,580988.8166666667,1,0,1.94,0
TXN4000418,2024-08-11 06:48:01,CUST100194,CARD200060,Merchant_137,Gaming,IN,10.0.4.118,iOS,132.11,Success,2024-02-09 00:25:57,265342.06666666665,1,0,0.41,0
TXN4000454,2024-08-13 07:13:55,CUST100141,CARD200250,Merchant_102,Gaming,IN,10.0.52.216,Web,14.58,Success,2023-11-09 21:08:20,399485.5833333333,1,0,0.43,0
TXN4000440,2024-08-16 19:40:53,CUST100053,CARD200151,Merchant_057,Travel,IN,10.0.64.99,Android,70.35,Success,2023-07-12 19:44:46,577436.1166666667,1,0,2.67,0
TXN4000367,2024-08-25 04:37:20,CUST100157,CARD200091,Merchant_088,Travel,US,52.59.152,Web,17.1,Success,2023-04-30 07:01:32,695375.8,1,1,0.87,1
TXN4000497,2024-08-25 23:44:05,CUST100053,CARD200151,Merchant_125,Dining,IN,10.0.54.246,Android,9.95,Success,2024-08-16 19:40:53,13203.2,1,0,0.38,0
TXN4000314,2024-08-26 00:23:45,CUST100193,CARD200229,Merchant_139,Pharmacy,IN,10.0.85.90,Web,37.46,Success,2024-03-18 18:13:10,230770.58333333334,1,0,0.82,0
TXN4000093,2024-08-27 18:22:27,CUST100107,CARD200219,Merchant_099,Pharmacy,IN,10.0.55.214,Android,122.7,Success,2023-05-03 05:17:51,694864.6,1,0,1.9,0
TXN4000334,2024-08-30 03:35:07,CUST100119,CARD200194,Merchant_156,Dining,IN,10.0.94.81,Android,17.94,Success,2024-07-09 16:09:54,74125.21666666666,1,0,1.19,0
TXN4000368,2024-09-02 02:16:49,CUST100113,CARD200228,Merchant_117,Pharmacy,IN,10.0.22.5,Android,1.0,Success,2024-04-23 16:16:54,189239.91666666666,1,0,0.03,0
TXN4000252,2024-09-03 14:41:07,CUST100058,CARD200106,Merchant_109,Fashion,IN,10.0.51.16,iOS,34.23,Success,2024-04-07 23:23:29,214037.63333333333,1,0,0.71,0
TXN4000022,2024-09-04 03:22:46,CUST100008,CARD200007,Merchant_002,Entertainment,IN,10.0.72.191,iOS,95.88,Success,2023-08-18 21:04:16,550458.5,1,0,2.65,0
TXN4000419,2024-09-06 10:08:53,CUST100136,CARD200102,Merchant_131,Electronics,CA,52.36.83,iOS,10.06,Success,,99999.0,1,1,1.0,0
TXN4000127,2024-09-09 05:38:26,CUST100055,CARD200009,Merchant_030,Electronics,GB,52.64.67,Android,24.57,Success,,99999.0,1,1,1.0,1
TXN4000280,2024-09-12 12:05:36,CUST100102,CARD200183,Merchant_064,Gaming,IN,10.0.1.21,Android,25.43,Success,,99999.0,1,0,1.0,0
TXN4000356,2024-09-17 14:19:22,CUST100034,CARD200143,Merchant_172,Gaming,IN,10.0.94.104,Android,125.87,Failed,2023-11-06 16:28:49,454910.55,1,0,1.32,0
TXN4000332,2024-09-20 14:23:14,CUST100081,CARD200286,Merchant_030,Grocery,IN,10.0.79.200,Android,534.18,Success,,99999.0,1,0,1.0,0
TXN4000143,2024-09-21 18:21:57,CUST100033,CARD200033,Merchant_028,Pharmacy,IN,10.0.96.185,Android,22.17,Success,2024-01-01 11:39:32,380562.4166666667,1,0,1.0,0
TXN4000202,2024-09-25 03:29:35,CUST100185,CARD200101,Merchant_032,Utilities,IN,10.0.13.207,Web,56.75,Success,2024-06-06 12:22:47,159306.8,1,0,0.31,0
TXN4000227,2024-09-25 19:21:57,CUST100071,CARD200246,Merchant_033,Utilities,IN,10.0.25.40,Android,10.41,Success,2024-06-17 16:48:48,144153.15,1,0,0.26,0
TXN4000362,2024-09-28 14:40:30,CUST100053,CARD200259,Merchant_185,Gaming,IN,10.0.79.159,iOS,21.91,Success,2023-10-26 17:18:16,486562.23333333334,1,0,0.33,0
TXN4000201,2024-09-30 21:25:27,CUST100082,CARD200295,Merchant_002,Fashion,IN,10.0.18.148,Android,698.03,Success,2023-08-17 03:08:10,591497.2833333333,1,0,1.92,0
TXN4000231,2024-10-01 11:27:03,CUST100111,CARD200283,Merchant_100,Grocery,IN,10.0.72.160,Android,23.46,Failed,2024-03-09 06:53:13,296913.8333333333,1,0,0.43,0
TXN4000289,2024-10-08 08:39:26,CUST100039,CARD200031,Merchant_104,Travel,IN,10.0.67.59,Android,58.9,Success,,99999.0,1,0,1.49,0
TXN4000030,2024-10-09 19:25:06,CUST100094,CARD200189,Merchant_078,Electronics,IN,10.0.50.177,Android,19.02,Success,,99999.0,1,0,1.0,0
TXN4000283,2024-10-10 20:08:37,CUST100086,CARD200292,Merchant_128,Entertainment,IN,10.0.91.170,iOS,333.64,Failed,2024-01-18 04:56:29,383952.13333333336,1,0,2.49,0
TXN4000088,2024-10-11 02:22:06,CUST100032,CARD200172,Merchant_033,Dining,IN,10.0.40.57,POS,104.07,Success,2024-01-04 03:49:52,404552.23333333334,1,0,2.29,0
TXN4000304,2024-10-11 14:30:42,CUST100112,CARD200280,Merchant_200,Grocery,IN,10.0.73.186,Android,30.6,Success,2024-01-28 08:36:50,370433.86666666664,1,0,1.03,0
TXN4000393,2024-10-11 15:54:21,CUST100052,CARD200289,Merchant_102,Dining,IN,10.0.48.56,iOS,149.53,Success,,99999.0,1,0,1.91,0
TXN4000003,2024-10-13 14:31:45,CUST100025,CARD200187,Merchant_083,Pharmacy,SG,52.38.80,iOS,59.73,Success,,99999.0,1,1,0.37,0
TXN4000144,2024-10-15 02:53:41,CUST100064,CARD200247,Merchant_187,Electronics,US,52.14.68,Android,147.58,Success,2024-01-09 15:35:08,402438.55,1,1,1.81,0
TXN4000417,2024-10-17 00:33:40,CUST100137,CARD200288,Merchant_175,Grocery,IN,10.0.48.73,iOS,130.73,Success,,99999.0,1,0,1.76,0
TXN4000203,2024-10-17 13:28:12,CUST100099,CARD200268,Merchant_176,Travel,IN,10.0.100.216,Android,47.29,Success,,99999.0,1,0,1.0,0
TXN4000278,2024-10-19 10:26:34,CUST100141,CARD200250,Merchant_189,Travel,IN,10.0.84.5,Android,43.83,Success,2024-08-13 07:13:55,96672.65,1,0,1.3,0
TXN4000156,2024-10-19 10:49:39,CUST100078,CARD200111,Merchant_147,Fashion,IN,10.0.24.168,Android,9.79,Success,,99999.0,1,0,1.0,0
TXN4000186,2024-10-19 14:00:42,CUST100071,CARD200181,Merchant_175,Fashion,GB,52.32.118,Android,52.18,Success,2023-11-01 12:00:44,508439.9666666667,1,1,1.45,0
TXN4000043,2024-10-23 18:46:27,CUST100010,CARD200041,Merchant_182,Dining,IN,10.0.82.249,iOS,48.31,Success,2023-09-27 18:41:58,564484.4833333333,1,0,1.4,0
TXN4000213,2024-10-23 23:09:30,CUST100027,CARD200255,Merchant_109,Entertainment,IN,10.0.31.99,iOS,33.54,Success,2024-01-02 03:47:17,425962.2166666667,1,0,0.28,0
TXN4000436,2024-10-25 13:34:20,CUST100038,CARD200233,Merchant_009,Fashion,IN,10.0.99.86,Android,77.67,Success,2023-06-27 22:22:57,699311.3833333333,1,0,1.58,0
TXN4000081,2024-10-25 14:53:59,CUST100120,CARD200202,Merchant_173,Utilities,IN,10.0.35.6,POS,54.1,Success,,99999.0,1,0,1.74,0
TXN4000446,2024-10-28 11:56:14,CUST100103,CARD200204,Merchant_168,Pharmacy,IN,10.0.35.102,Android,29.15,Success,,99999.0,1,0,1.0,0
TXN4000011,2024-10-29 19:16:12,CUST100132,CARD200267,Merchant_008,Utilities,US,52.5.184,Android,23.61,Success,2023-03-03 20:09:08,872587.0666666667,1,1,1.57,0
TXN4000347,2024-10-29 23:57:01,CUST100041,CARD200217,Merchant_149,Fashion,IN,10.0.3.195,Android,48.16,Success,2024-04-03 02:51:11,302225.8333333333,1,0,1.45,0
TXN4000359,2024-10-30 01:58:56,CUST100054,CARD200134,Merchant_036,Electronics,IN,10.0.64.77,Android,11.24,Success,,99999.0,1,0,1.0,0
TXN4000101,2024-11-04 19:51:35,CUST100088,CARD200161,Merchant_121,Utilities,SG,52.51.22,Android,27.48,Success,2023-07-03 04:59:33,706492.0333333333,1,1,0.81,0
TXN4000319,2024-11-05 01:28:04,CUST100031,CARD200153,Merchant_191,Dining,IN,10.0.5.1,iOS,118.49,Success,2024-05-14 00:16:57,252071.11666666667,1,0,0.85,0
TXN4000346,2024-11-05 12:15:24,CUST100057,CARD200070,Merchant_157,Dining,IN,10.0.17.26,POS,114.98,Success,2024-02-25 09:59:38,365895.76666666666,1,0,1.62,0
TXN4000284,2024-11-07 16:55:41,CUST100079,CARD200087,Merchant_174,Electronics,SG,52.88.130,Android,34.35,Success,,99999.0,1,1,1.05,0
TXN4000461,2024-11-10 06:19:29,CUST100170,CARD200129,Merchant_045,Grocery,IN,10.0.34.217,Web,21.85,Success,,99999.0,1,0,1.05,0
TXN4000110,2024-11-10 07:50:36,CUST100114,CARD200225,Merchant_109,Pharmacy,GB,52.60.123,iOS,27.13,Success,2023-12-03 10:54:33,493736.05,1,1,0.77,0
TXN4000161,2024-11-11 02:32:02,CUST100033,CARD200033,Merchant_155,Entertainment,IN,10.0.26.7,Web,32.7,Success,2024-09-21 18:21:57,72490.08333333333,1,0,1.47,0
TXN4000187,2024-11-12 08:29:51,CUST100104,CARD200273,Merchant_133,Electronics,IN,10.0.38.234,iOS,53.53,Failed,,99999.0,1,0,1.0,0
TXN4000279,2024-11-18 01:04:55,CUST100057,CARD200012,Merchant_067,Entertainment,IN,10.0.69.185,Android,30.16,Success,2023-11-01 14:00:44,550744.1833333333,1,0,0.24,0
TXN4000191,2024-11-19 21:15:22,CUST100073,CARD200112,Merchant_150,Fashion,IN,10.0.91.207,Android,57.82,Failed,,99999.0,1,0,0.81,0
TXN4000214,2024-11-21 09:40:40,CUST100159,CARD200144,Merchant_187,Entertainment,IN,10.0.32.21,Web,138.08,Success,2024-06-23 03:56:57,217783.71666666667,1,0,1.3,0
TXN4000183,2024-11-21 18:48:03,CUST100196,CARD200264,Merchant_162,Entertainment,IN,10.0.45.91,iOS,11.12,Success,,99999.0,1,0,0.78,0
TXN4000407,2024-11-22 07:46:42,CUST100029,CARD200196,Merchant_143,Entertainment,IN,10.0.85.161,iOS,129.75,Success,2024-01-13 09:35:06,452051.6,1,0,0.7,0
TXN4000071,2024-11-24 11:41:12,CUST100039,CARD200031,Merchant_079,Grocery,IN,10.0.54.13,iOS,20.42,Success,2024-10-08 08:39:26,67861.76666666666,1,0,0.51,1
TXN4000412,2024-11-27 01:02:15,CUST100167,CARD200186,Merchant_127,Pharmacy,IN,10.0.3.222,iOS,111.16,Success,,99999.0,1,0,1.0,0
TXN4000271,2024-12-01 06:06:02,CUST100110,CARD200048,Merchant_074,Grocery,IN,10.0.26.142,Android,49.81,Success,2023-05-29 12:25:45,794500.2833333333,1,0,0.26,0
TXN4000086,2024-12-01 22:56:57,CUST100004,CARD200193,Merchant_078,Fashion,IN,10.0.70.131,Android,22.98,Success,,99999.0,1,0,1.0,0
TXN4000485,2024-12-06 10:11:51,CUST100057,CARD200062,Merchant_028,Entertainment,IN,10.0.83.184,Android,6.32,Success,2024-07-16 00:07:36,206524.25,1,0,0.16,0
TXN4000492,2024-12-06 22:19:14,CUST100196,CARD200142,Merchant_115,Fashion,IN,10.0.9.88,Android,11.56,Success,,99999.0,1,0,1.0,0
TXN4000463,2024-12-07 00:29:44,CUST100071,CARD200181,Merchant_166,Pharmacy,IN,10.0.42.177,iOS,22.41,Success,2024-10-19 14:00:42,69749.03333333334,1,0,0.62,0
TXN4000402,2024-12-09 16:47:32,CUST100157,CARD200091,Merchant_135,Dining,IN,10.0.100.129,POS,31.31,Failed,2024-08-25 04:37:20,153370.2,1,0,1.59,0
TXN4000130,2024-12-09 18:52:21,CUST100164,CARD200089,Merchant_040,Fashion,US,52.88.199,iOS,106.58,Success,2023-11-30 18:21:36,540030.75,1,1,0.95,0
TXN4000058,2024-12-13 12:04:46,CUST100097,CARD200188,Merchant_037,Pharmacy,IN,10.0.45.227,Android,26.21,Success,2024-07-21 03:48:32,209296.23333333334,1,0,0.32,0
TXN4000379,2024-12-15 11:09:38,CUST100088,CARD200161,Merchant_183,Fashion,IN,10.0.25.222,Android,69.59,Success,2024-11-04 19:51:35,58518.05,1,0,2.05,0
TXN4000341,2024-12-17 11:24:58,CUST100128,CARD200190,Merchant_030,Electronics,CA,52.30.211,POS,34.06,Success,2024-01-02 23:58:23,503246.5833333333,1,1,1.94,0
TXN4000261,2024-12-18 13:19:48,CUST100027,CARD200016,Merchant_073,Electronics,IN,10.0.90.119,Web,72.76,Failed,2024-07-15 23:54:46,224005.03333333333,1,0,0.41,0
TXN4000455,2024-12-22 07:20:40,CUST100047,CARD200014,Merchant_005,Gaming,IN,10.0.93.44,Web,19.59,Success,2024-07-12 21:52:21,233848.31666666668,1,0,0.28,0
TXN4000248,2024-12-27 19:05:11,CUST100163,CARD200258,Merchant_150,Dining,IN,10.0.37.25,Android,18.54,Success,2024-05-17 01:19:08,323626.05,1,0,0.31,0
TXN4000039,2024-12-29 17:04:13,CUST100032,CARD200281,Merchant_004,Pharmacy,IN,10.0.19.54,iOS,13.5,Failed,2023-06-16 05:07:21,809996.8666666667,1,0,0.27,0
TXN4000413,2025-01-01 05:05:08,CUST100162,CARD200160,Merchant_093,Gaming,IN,10.0.98.41,Android,83.76,Success,2024-01-23 08:01:12,495183.93333333335,1,0,1.11,0
TXN4000009,2025-01-04 01:40:07,CUST100126,CARD200146,Merchant_115,Pharmacy,IN,10.0.95.223,POS,136.87,Success,,99999.0,1,0,0.61,0
TXN4000330,2025-01-05 06:49:38,CUST100127,CARD200030,Merchant_076,Dining,IN,10.0.60.212,Android,48.26,Success,,99999.0,1,0,1.0,0
TXN4000048,2025-01-09 16:08:38,CUST100027,CARD200045,Merchant_196,Entertainment,IN,10.0.57.32,iOS,175.19,Success,2024-02-07 18:16:52,485151.76666666666,1,0,2.06,0
TXN4000391,2025-01-11 02:07:28,CUST100113,CARD200157,Merchant_043,Travel,IN,10.0.73.51,POS,32.04,Success,2024-06-18 00:18:11,298189.2833333333,1,0,1.46,0
TXN4000476,2025-01-11 17:30:58,CUST100114,CARD200061,Merchant_194,Pharmacy,IN,10.0.78.61,Android,46.38,Success,,99999.0,1,0,1.0,0
TXN4000061,2025-01-14 10:05:20,CUST100068,CARD200093,Merchant_041,Entertainment,IN,10.0.58.246,POS,27.46,Success,2024-08-05 08:47:16,233358.06666666668,1,0,0.86,0
TXN4000135,2025-01-15 18:28:27,CUST100054,CARD200231,Merchant_081,Entertainment,IN,10.0.79.254,POS,117.5,Success,2024-07-05 08:33:23,279955.06666666665,1,0,2.42,0
TXN4000199,2025-01-16 20:47:53,CUST100040,CARD200191,Merchant_128,Electronics,IN,10.0.66.63,POS,6.23,Success,2024-03-01 13:54:10,462653.7166666667,1,0,0.16,0
TXN4000490,2025-01-19 00:29:12,CUST100138,CARD200063,Merchant_163,Utilities,IN,10.0.35.107,iOS,42.44,Success,,99999.0,1,0,1.0,0
TXN4000331,2025-01-21 19:33:56,CUST100132,CARD200197,Merchant_032,Utilities,IN,10.0.28.23,Web,8.03,Success,2023-11-16 11:33:28,622560.4666666667,1,0,0.5,0
TXN4000182,2025-01-23 18:57:06,CUST100068,CARD200093,Merchant_012,Gaming,IN,10.0.89.60,Android,32.32,Success,2025-01-14 10:05:20,13491.766666666666,1,0,1.02,0
TXN4000120,2025-01-23 19:33:26,CUST100037,CARD200003,Merchant_170,Grocery,IN,10.0.14.201,Android,57.9,Success,,99999.0,1,0,1.0,0
TXN4000390,2025-01-24 02:45:08,CUST100161,CARD200159,Merchant_148,Entertainment,IN,10.0.48.134,Android,9.29,Success,,99999.0,1,0,1.0,0
TXN4000415,2025-01-24 05:12:30,CUST100111,CARD200158,Merchant_138,Entertainment,IN,10.0.8.244,Web,11.17,Success,2024-02-22 00:19:10,485573.3333333333,1,0,0.19,0
TXN4000498,2025-01-27 13:59:00,CUST100196,CARD200264,Merchant_138,Entertainment,IN,10.0.13.170,Web,17.51,Success,2024-11-21 18:48:03,96190.95,1,0,1.22,0
TXN4000387,2025-01-28 03:10:12,CUST100025,CARD200205,Merchant_128,Dining,IN,10.0.71.125,POS,3.1,Success,,99999.0,1,0,0.11,0
TXN4000448,2025-01-28 10:40:00,CUST100062,CARD200137,Merchant_146,Electronics,IN,10.0.6.112,Android,48.51,Success,,99999.0,1,0,1.0,0
TXN4000131,2025-02-02 05:03:15,CUST100164,CARD200054,Merchant_174,Entertainment,IN,10.0.35.15,Android,49.78,Success,,99999.0,1,0,1.0,0
TXN4000116,2025-02-03 03:38:43,CUST100046,CARD200005,Merchant_038,Gaming,IN,10.0.14.37,Android,98.42,Success,2023-07-06 12:36:54,831781.8166666667,1,0,1.63,0
TXN4000158,2025-02-06 06:49:54,CUST100140,CARD200236,Merchant_171,Fashion,IN,10.0.36.117,Android,48.65,Success,2024-07-19 07:56:51,290813.05,1,0,1.01,0
TXN4000427,2025-02-09 11:30:00,CUST100155,CARD200067,Merchant_150,Dining,IN,10.0.71.109,Web,94.89,Success,,99999.0,1,0,1.82,0
TXN4000005,2025-02-12 07:48:24,CUST100071,CARD200246,Merchant_165,Utilities,IN,10.0.53.51,POS,115.15,Success,2024-09-25 19:21:57,200906.45,1,0,2.86,0
TXN4000074,2025-02-12 12:02:17,CUST100174,CARD200214,Merchant_037,Utilities,GB,52.46.242,Android,86.3,Success,,99999.0,1,1,1.53,0
TXN4000035,2025-02-15 03:03:01,CUST100155,CARD200067,Merchant_131,Pharmacy,AE,52.28.21,Android,9.28,Success,2025-02-09 11:30:00,8133.016666666666,1,1,0.18,0
TXN4000438,2025-02-15 14:40:39,CUST100111,CARD200298,Merchant_080,Electronics,IN,10.0.37.142,Web,61.36,Success,,99999.0,1,0,1.0,0
TXN4000352,2025-02-18 06:12:09,CUST100083,CARD200086,Merchant_186,Entertainment,US,52.25.169,Android,124.59,Success,2024-03-08 17:02:27,499029.7,1,1,2.23,0
TXN4000047,2025-02-18 08:20:24,CUST100047,CARD200218,Merchant_126,Travel,IN,10.0.82.70,Android,26.78,Success,2024-05-19 09:15:01,395945.38333333336,1,0,0.68,0
TXN4000123,2025-02-22 06:21:10,CUST100137,CARD200288,Merchant_187,Fashion,IN,10.0.29.204,iOS,17.82,Success,2024-10-17 00:33:40,184667.5,1,0,0.24,0
TXN4000270,2025-02-22 19:19:32,CUST100025,CARD200205,Merchant_170,Gaming,IN,10.0.18.44,Web,54.68,Failed,2025-01-28 03:10:12,36969.333333333336,1,0,1.89,0
TXN4000281,2025-02-23 04:53:56,CUST100078,CARD200284,Merchant_082,Utilities,IN,10.0.33.47,Android,34.22,Success,2024-02-02 09:06:04,557027.8666666667,1,0,1.0,0
TXN4000309,2025-02-28 11:47:20,CUST100097,CARD200042,Merchant_184,Travel,IN,10.0.67.3,iOS,18.95,Success,2023-04-10 11:03:10,993644.1666666666,1,0,0.97,0
TXN4000200,2025-02-28 19:21:11,CUST100094,CARD200113,Merchant_118,Travel,IN,10.0.4.246,Android,26.54,Success,,99999.0,1,0,1.0,0
TXN4000052,2025-03-01 07:38:17,CUST100075,CARD200207,Merchant_182,Fashion,IN,10.0.20.99,Android,16.65,Failed,2024-08-05 14:04:53,299133.4,1,0,0.19,0
TXN4000152,2025-03-03 02:27:50,CUST100095,CARD200092,Merchant_028,Dining,IN,10.0.46.68,Android,12.95,Success,2024-01-31 16:58:22,570809.4666666667,1,0,0.56,0
TXN4000355,2025-03-04 14:23:25,CUST100110,CARD200048,Merchant_141,Entertainment,IN,10.0.7.20,Web,139.0,Success,2024-12-01 06:06:02,134417.38333333333,1,0,0.72,0
TXN4000266,2025-03-06 12:58:15,CUST100195,CARD200290,Merchant_112,Entertainment,IN,10.0.1.58,Android,19.25,Success,2023-10-12 15:28:41,735689.5666666667,1,0,0.29,0
TXN4000254,2025-03-07 08:06:26,CUST100052,CARD200289,Merchant_084,Travel,IN,10.0.44.93,iOS,7.53,Success,2024-10-11 15:54:21,211212.08333333334,1,0,0.1,0
TXN4000328,2025-03-07 15:37:11,CUST100154,CARD200115,Merchant_143,Utilities,IN,10.0.51.103,POS,72.49,Success,2023-12-02 07:22:14,664334.95,1,0,1.0,0
TXN4000018,2025-03-08 22:34:21,CUST100078,CARD200179,Merchant_062,Entertainment,IN,10.0.96.29,iOS,61.55,Success,,99999.0,1,0,1.0,0
TXN4000327,2025-03-09 02:32:52,CUST100163,CARD200258,Merchant_154,Entertainment,IN,10.0.7.196,iOS,63.15,Success,2024-12-27 19:05:11,102687.68333333333,1,0,1.05,0
TXN4000142,2025-03-09 12:14:27,CUST100132,CARD200267,Merchant_080,Electronics,IN,10.0.75.106,Web,8.46,Success,2024-10-29 19:16:12,188218.25,1,0,0.56,0
TXN4000060,2025-03-09 20:45:13,CUST100064,CARD200272,Merchant_075,Fashion,IN,10.0.69.113,POS,116.88,Success,2023-02-08 07:36:41,1095188.5333333334,1,0,1.6,0
TXN4000021,2025-03-09 23:04:21,CUST100126,CARD200146,Merchant_138,Utilities,IN,10.0.27.31,Android,313.11,Success,2025-01-04 01:40:07,93444.23333333334,1,0,1.39,0
TXN4000219,2025-03-15 05:41:59,CUST100025,CARD200187,Merchant_154,Gaming,IN,10.0.65.1,Web,118.67,Success,2024-10-13 14:31:45,219790.23333333334,1,0,0.73,0
TXN4000117,2025-03-17 01:07:49,CUST100199,CARD200156,Merchant_136,Entertainment,IN,10.0.62.77,iOS,108.72,Success,2024-01-26 01:09:08,599038.6833333333,1,0,1.69,0
TXN4000216,2025-03-20 10:06:27,CUST100170,CARD200129,Merchant_065,Pharmacy,IN,10.0.5.37,Android,19.77,Success,2024-11-10 06:19:29,187426.96666666667,1,0,0.95,0
TXN4000168,2025-03-24 08:42:09,CUST100148,CARD200066,Merchant_155,Gaming,IN,10.0.12.139,Web,77.36,Success,,99999.0,1,0,1.69,0
TXN4000478,2025-03-24 10:20:31,CUST100052,CARD200289,Merchant_185,Gaming,IN,10.0.85.1,Android,77.88,Success,2025-03-07 08:06:26,24614.083333333332,1,0,0.99,0
TXN4000189,2025-03-25 17:36:57,CUST100174,CARD200214,Merchant_171,Entertainment,IN,10.0.87.48,iOS,17.07,Success,2025-02-12 12:02:17,59374.666666666664,1,0,0.3,0
TXN4000171,2025-03-26 01:25:07,CUST100029,CARD200196,Merchant_098,Electronics,IN,10.0.70.50,Android,247.22,Success,2024-11-22 07:46:42,178178.41666666666,1,0,1.33,0
TXN4000333,2025-03-28 08:19:15,CUST100005,CARD200227,Merchant_118,Fashion,IN,10.0.14.84,iOS,22.35,Success,2024-05-21 03:01:18,448157.95,1,0,0.55,0
TXN4000400,2025-03-30 13:12:25,CUST100047,CARD200177,Merchant_133,Gaming,IN,10.0.9.97,Android,6.54,Success,2023-03-16 22:33:16,1072239.15,1,0,0.13,0
TXN4000034,2025-04-05 17:11:19,CUST100064,CARD200272,Merchant_179,Entertainment,IN,10.0.27.72,iOS,26.07,Success,2025-03-09 20:45:13,38666.1,1,0,0.36,0
TXN4000258,2025-04-08 05:26:04,CUST100181,CARD200118,Merchant_194,Dining,IN,10.0.35.33,Android,5.56,Success,2023-07-09 19:39:24,919306.6666666666,1,0,0.09,0
TXN4000223,2025-04-09 15:27:44,CUST100182,CARD200002,Merchant_144,Gaming,IN,10.0.1.65,Web,156.95,Success,,99999.0,1,0,1.99,0
TXN4000404,2025-04-10 17:28:17,CUST100152,CARD200024,Merchant_081,Travel,IN,10.0.37.112,iOS,17.88,Success,,99999.0,1,0,1.0,0
TXN4000269,2025-04-14 07:02:21,CUST100023,CARD200162,Merchant_128,Entertainment,IN,10.0.86.2,Android,3.11,Success,2023-05-17 03:53:14,1005309.1166666667,1,0,0.18,0
TXN4000282,2025-04-15 13:05:01,CUST100140,CARD200053,Merchant_061,Dining,IN,10.0.25.105,Android,28.37,Success,,99999.0,1,0,1.0,0
TXN4000398,2025-04-15 15:31:31,CUST100089,CARD200056,Merchant_132,Utilities,IN,10.0.77.167,Android,23.67,Success,,99999.0,1,0,1.0,0
TXN4000145,2025-04-22 18:09:44,CUST100159,CARD200132,Merchant_105,Electronics,IN,10.0.73.92,iOS,277.61,Success,,99999.0,1,0,1.0,0
TXN4000443,2025-04-25 17:43:42,CUST100144,CARD200291,Merchant_059,Gaming,IN,10.0.83.221,Android,77.26,Success,2023-06-10 07:27:50,987015.8666666667,1,0,2.05,0
TXN4000450,2025-04-27 10:26:05,CUST100028,CARD200100,Merchant_083,Grocery,IN,10.0.70.130,iOS,115.96,Success,2024-02-15 10:09:30,629296.5833333334,1,0,1.12,0
TXN4000235,2025-04-27 14:47:17,CUST100055,CARD200097,Merchant_023,Travel,IN,10.0.94.34,Web,43.88,Success,,99999.0,1,0,0.45,0
TXN4000195,2025-04-28 19:49:28,CUST100172,CARD200141,Merchant_199,Gaming,IN,10.0.95.93,Android,150.58,Success,2023-03-14 06:03:21,1118266.1166666667,1,0,2.69,0
TXN4000073,2025-05-02 05:47:13,CUST100176,CARD200274,Merchant_139,Fashion,GB,52.84.191,Android,40.36,Success,2023-10-10 08:59:51,820607.3666666667,1,1,0.59,0
TXN4000416,2025-05-02 15:57:02,CUST100016,CARD200234,Merchant_057,Utilities,IN,10.0.80.100,Android,37.35,Success,2024-04-14 22:40:11,551116.85,1,0,0.96,0
TXN4000102,2025-05-06 20:31:05,CUST100002,CARD200096,Merchant_122,Utilities,IN,10.0.62.70,POS,27.23,Chargeback,,99999.0,1,0,1.0,0
TXN4000155,2025-05-09 00:36:04,CUST100167,CARD200099,Merchant_041,Gaming,IN,10.0.58.50,Android,28.32,Success,,99999.0,1,0,0.88,0
TXN4000068,2025-05-09 14:24:04,CUST100113,CARD200228,Merchant_119,Entertainment,IN,10.0.14.191,Web,26.97,Success,2024-09-02 02:16:49,359287.25,1,0,0.72,0
TXN4000174,2025-05-09 23:17:09,CUST100004,CARD200018,Merchant_154,Gaming,DE,52.8.52,Android,56.59,Success,,99999.0,1,1,1.0,0
TXN4000311,2025-05-15 15:33:19,CUST100142,CARD200192,Merchant_044,Pharmacy,IN,10.0.14.116,Web,27.23,Success,2024-07-02 07:56:52,456936.45,1,0,1.6,0
TXN4000265,2025-05-18 04:24:39,CUST100121,CARD200243,Merchant_011,Gaming,IN,10.0.57.128,Web,10.29,Success,2024-01-01 20:49:22,723335.2833333333,1,0,1.69,0
TXN4000354,2025-05-18 12:44:23,CUST100074,CARD200116,Merchant_029,Fashion,IN,10.0.6.37,Android,92.87,Success,,99999.0,1,0,1.0,0
TXN4000002,2025-05-25 11:13:52,CUST100053,CARD200151,Merchant_145,Grocery,IN,10.0.94.85,Android,18.08,Success,2024-08-25 23:44:05,392369.7833333333,1,0,0.69,0
TXN4000104,2025-05-29 00:28:34,CUST100162,CARD200022,Merchant_096,Dining,IN,10.0.97.160,Android,46.58,Success,,99999.0,1,0,1.0,0
TXN4000140,2025-06-05 15:43:02,CUST100029,CARD200173,Merchant_162,Utilities,IN,10.0.64.108,Web,104.12,Success,2023-06-24 04:09:04,1025973.9666666667,1,0,1.62,0
TXN4000095,2025-06-05 23:04:20,CUST100148,CARD200066,Merchant_129,Utilities,IN,10.0.19.68,iOS,14.0,Success,2025-03-24 08:42:09,105982.18333333333,1,0,0.31,0
TXN4000325,2025-06-07 07:11:27,CUST100116,CARD200211,Merchant_078,Entertainment,IN,10.0.80.246,Android,20.8,Success,2024-02-08 23:46:25,697405.0333333333,1,0,0.45,0
TXN4000494,2025-06-09 09:18:19,CUST100079,CARD200087,Merchant_006,Electronics,CA,52.65.122,iOS,31.13,Success,2024-11-07 16:55:41,307702.63333333336,1,1,0.95,0
TXN4000426,2025-06-13 14:47:58,CUST100102,CARD200178,Merchant_136,Dining,IN,10.0.39.227,Android,41.14,Success,,99999.0,1,0,1.0,0
TXN4000343,2025-06-13 15:28:08,CUST100097,CARD200188,Merchant_149,Utilities,IN,10.0.49.73,iOS,136.57,Success,2024-12-13 12:04:46,262283.36666666664,1,0,1.68,0
TXN4000241,2025-06-21 05:43:20,CUST100065,CARD200239,Merchant_080,Entertainment,IN,10.0.69.188,iOS,88.25,Success,,99999.0,1,0,1.0,0
TXN4000374,2025-06-24 21:02:32,CUST100090,CARD200124,Merchant_105,Grocery,IN,10.0.81.145,iOS,99.81,Success,,99999.0,1,0,1.0,0
TXN4000424,2025-06-27 21:40:25,CUST100044,CARD200170,Merchant_034,Gaming,IN,10.0.78.115,Web,102.19,Success,,99999.0,1,0,1.0,0
TXN4000385,2025-06-28 04:31:18,CUST100199,CARD200156,Merchant_106,Entertainment,IN,10.0.61.79,Android,43.37,Success,2025-03-17 01:07:49,148523.48333333334,1,0,0.67,0
TXN4000126,2025-07-01 03:44:31,CUST100132,CARD200267,Merchant_035,Gaming,IN,10.0.57.109,iOS,18.89,Success,2025-03-09 12:14:27,163650.06666666668,1,0,1.26,0
TXN4000097,2025-07-01 18:46:39,CUST100167,CARD200099,Merchant_125,Utilities,IN,10.0.29.161,POS,35.69,Success,2025-05-09 00:36:04,77410.58333333333,1,0,1.12,0
TXN4000090,2025-07-02 16:45:33,CUST100072,CARD200081,Merchant_200,Travel,GB,52.88.4,iOS,35.09,Success,,99999.0,1,1,1.0,0
TXN4000396,2025-07-03 01:44:30,CUST100029,CARD200196,Merchant_198,Dining,IN,10.0.70.119,iOS,32.54,Success,2025-03-26 01:25:07,142579.38333333333,1,0,0.17,0
TXN4000326,2025-07-03 18:44:03,CUST100122,CARD200126,Merchant_152,Grocery,IN,10.0.59.254,Android,41.9,Failed,2024-02-21 03:12:12,718051.85,1,0,1.78,0
TXN4000305,2025-07-05 03:06:09,CUST100134,CARD200253,Merchant_026,Electronics,IN,10.0.69.8,Android,1.81,Success,2024-06-18 12:28:18,549517.85,1,0,0.01,0
TXN4000193,2025-07-05 04:56:36,CUST100188,CARD200262,Merchant_104,Entertainment,IN,10.0.88.137,iOS,1.28,Chargeback,,99999.0,1,0,1.0,0
TXN4000340,2025-07-05 07:16:57,CUST100083,CARD200086,Merchant_156,Entertainment,IN,10.0.38.59,Android,11.25,Success,2025-02-18 06:12:09,197344.8,1,0,0.2,0
TXN4000206,2025-07-07 16:06:27,CUST100069,CARD200163,Merchant_122,Utilities,IN,10.0.26.56,Android,171.45,Failed,2023-01-22 07:16:48,1292209.65,1,0,1.58,0
TXN4000420,2025-07-09 23:18:11,CUST100097,CARD200042,Merchant_007,Utilities,IN,10.0.23.69,Android,14.25,Success,2025-02-28 11:47:20,189330.85,1,0,0.73,0
TXN4000078,2025-07-14 18:11:52,CUST100032,CARD200026,Merchant_154,Travel,IN,10.0.21.186,iOS,46.69,Success,,99999.0,1,0,0.92,0
TXN4000423,2025-07-15 06:29:30,CUST100176,CARD200274,Merchant_171,Fashion,US,52.7.61,iOS,31.22,Success,2025-05-02 05:47:13,106602.28333333334,1,1,0.46,0
TXN4000085,2025-07-16 10:22:55,CUST100174,CARD200214,Merchant_182,Electronics,IN,10.0.63.143,POS,65.69,Success,2025-03-25 17:36:57,162285.96666666667,1,0,1.17,0
TXN4000134,2025-07-17 08:31:25,CUST100164,CARD200242,Merchant_017,Utilities,IN,10.0.18.55,POS,39.22,Success,2024-03-14 03:42:32,705888.8833333333,1,0,0.68,0
TXN4000371,2025-07-17 12:58:42,CUST100152,CARD200209,Merchant_069,Fashion,US,52.53.126,Web,115.54,Success,,99999.0,1,1,1.0,0
TXN4000466,2025-07-18 21:49:45,CUST100078,CARD200284,Merchant_012,Pharmacy,IN,10.0.82.107,Android,62.25,Success,2025-02-23 04:53:56,209815.81666666668,1,0,1.81,0
TXN4000190,2025-07-19 03:11:29,CUST100040,CARD200191,Merchant_047,Fashion,IN,10.0.55.195,Android,98.46,Success,2025-01-16 20:47:53,263903.6,1,0,2.54,0
TXN4000458,2025-07-20 07:57:56,CUST100120,CARD200202,Merchant_009,Utilities,IN,10.0.45.72,Android,8.06,Success,2024-10-25 14:53:59,385503.95,1,0,0.26,0
TXN4000263,2025-07-25 07:58:49,CUST100086,CARD200034,Merchant_168,Travel,IN,10.0.70.115,Android,20.58,Chargeback,2023-04-03 03:20:00,1215638.8166666667,1,0,0.7,0
TXN4000159,2025-07-29 06:28:40,CUST100032,CARD200026,Merchant_101,Pharmacy,SG,52.30.83,iOS,54.47,Success,2025-07-14 18:11:52,20896.8,1,1,1.08,0
TXN4000375,2025-07-31 04:37:14,CUST100154,CARD200115,Merchant_165,Dining,IN,10.0.95.142,Android,7.26,Failed,2025-03-07 15:37:11,209580.05,1,0,0.1,0
TXN4000169,2025-08-01 01:52:52,CUST100085,CARD200154,Merchant_156,Electronics,IN,10.0.11.182,iOS,34.46,Chargeback,2024-05-09 06:39:09,646273.7166666667,1,0,0.89,0
TXN4000401,2025-08-01 07:54:52,CUST100002,CARD200082,Merchant_106,Electronics,IN,10.0.84.32,Android,47.82,Success,2024-02-03 14:14:30,784420.3666666667,1,0,0.73,0
TXN4000051,2025-08-02 22:39:16,CUST100151,CARD200224,Merchant_002,Entertainment,IN,10.0.34.135,iOS,15.42,Success,2023-04-08 09:10:28,1220488.8,1,0,0.33,0
TXN4000344,2025-08-03 19:15:01,CUST100025,CARD200187,Merchant_050,Dining,IN,10.0.44.57,iOS,309.95,Success,2025-03-15 05:41:59,203853.03333333333,1,0,1.9,0
TXN4000274,2025-08-05 04:59:02,CUST100048,CARD200257,Merchant_192,Utilities,IN,10.0.5.68,iOS,47.37,Success,2024-01-08 12:02:39,827576.3833333333,1,0,0.55,0
TXN4000124,2025-08-05 14:24:46,CUST100103,CARD200279,Merchant_154,Travel,IN,10.0.97.35,iOS,47.64,Success,2024-05-11 19:57:43,649107.05,1,0,0.73,0
TXN4000160,2025-08-07 12:44:00,CUST100075,CARD200207,Merchant_086,Grocery,IN,10.0.99.149,iOS,106.19,Success,2025-03-01 07:38:17,229265.71666666667,1,0,1.19,0
TXN4000350,2025-08-18 14:29:40,CUST100017,CARD200232,Merchant_031,Dining,GB,52.44.1,Android,3.16,Success,,99999.0,1,1,1.0,0
TXN4000464,2025-08-21 16:14:58,CUST100102,CARD200252,Merchant_094,Gaming,IN,10.0.8.209,Android,34.85,Success,,99999.0,1,0,1.0,0
TXN4000481,2025-08-21 16:27:32,CUST100122,CARD200079,Merchant_104,Fashion,IN,10.0.70.242,Web,97.81,Success,2023-04-26 14:51:57,1221215.5833333333,1,0,2.06,0
TXN4000268,2025-08-22 19:36:16,CUST100055,CARD200097,Merchant_101,Travel,IN,10.0.62.244,Android,151.88,Success,2025-04-27 14:47:17,168768.98333333334,1,0,1.55,0
TXN4000410,2025-08-24 05:36:15,CUST100159,CARD200293,Merchant_078,Gaming,IN,10.0.11.196,Android,1.32,Success,,99999.0,1,0,1.0,0
TXN4000272,2025-08-24 13:43:39,CUST100035,CARD200080,Merchant_142,Electronics,CA,52.61.32,Android,19.5,Success,,99999.0,1,1,1.0,0
TXN4000226,2025-08-29 10:43:14,CUST100023,CARD200248,Merchant_040,Pharmacy,IN,10.0.94.158,Android,100.45,Success,2024-05-19 07:00:20,672702.9,1,0,2.6,0
TXN4000028,2025-08-30 05:45:42,CUST100104,CARD200203,Merchant_081,Utilities,IN,10.0.67.218,Web,35.7,Success,,99999.0,1,0,1.0,0
TXN4000237,2025-08-30 22:41:14,CUST100096,CARD200040,Merchant_051,Electronics,IN,10.0.23.178,Android,1.0,Success,2023-12-12 11:48:25,903532.8166666667,1,0,0.1,0
TXN4000141,2025-09-01 02:40:54,CUST100132,CARD200147,Merchant_176,Utilities,IN,10.0.44.155,iOS,13.71,Success,2024-05-09 23:46:31,689934.3833333333,1,0,0.21,0
TXN4000170,2025-09-04 07:11:37,CUST100092,CARD200215,Merchant_161,Grocery,US,52.46.194,Web,50.26,Success,2023-02-26 10:44:39,1326026.9666666666,1,1,1.68,0
TXN4000256,2025-09-07 09:44:27,CUST100191,CARD200184,Merchant_164,Grocery,IN,10.0.53.75,Android,6.05,Success,2024-04-04 00:57:09,750767.3,1,0,0.2,0
TXN4000430,2025-09-09 18:43:13,CUST100047,CARD200218,Merchant_034,Utilities,IN,10.0.40.102,Android,52.53,Success,2025-02-18 08:20:24,292942.81666666665,1,0,1.33,0
TXN4000175,2025-09-14 18:45:23,CUST100054,CARD200231,Merchant_194,Dining,IN,10.0.55.145,iOS,20.29,Success,2025-01-15 18:28:27,348496.93333333335,1,0,0.42,0
TXN4000100,2025-09-15 03:26:35,CUST100172,CARD200141,Merchant_070,Dining,IN,10.0.41.5,Web,1.77,Success,2025-04-28 19:49:28,200617.11666666667,1,0,0.03,0
TXN4000128,2025-09-19 18:51:55,CUST100144,CARD200165,Merchant_177,Pharmacy,IN,10.0.62.163,Web,91.18,Success,2024-06-24 12:12:55,651279.0,1,0,1.33,0
TXN4000038,2025-09-20 17:19:00,CUST100098,CARD200064,Merchant_014,Pharmacy,IN,10.0.20.138,iOS,36.83,Success,,99999.0,1,0,1.0,0
TXN4000364,2025-09-24 03:16:06,CUST100177,CARD200139,Merchant_150,Dining,IN,10.0.21.191,Android,4.03,Success,,99999.0,1,0,1.0,0
TXN4000389,2025-09-24 21:48:53,CUST100046,CARD200032,Merchant_192,Grocery,IN,10.0.35.99,iOS,22.3,Success,,99999.0,1,0,1.0,0
TXN4000153,2025-09-26 12:14:02,CUST100189,CARD200245,Merchant_056,Pharmacy,IN,10.0.55.43,iOS,4.86,Success,,99999.0,1,0,1.0,0
TXN4000349,2025-10-02 00:14:27,CUST100027,CARD200016,Merchant_189,Fashion,IN,10.0.53.202,Android,125.73,Success,2024-12-18 13:19:48,413934.65,1,0,0.71,0
TXN4000495,2025-10-03 06:36:37,CUST100096,CARD200040,Merchant_022,Entertainment,IN,10.0.15.81,Android,14.07,Success,2025-08-30 22:41:14,47995.38333333333,1,0,1.48,0
TXN4000112,2025-10-07 11:37:43,CUST100095,CARD200094,Merchant_162,Utilities,IN,10.0.70.81,Android,12.53,Success,,99999.0,1,0,1.0,0
TXN4000099,2025-10-11 04:02:17,CUST100150,CARD200068,Merchant_113,Entertainment,IN,10.0.75.171,Android,22.68,Success,,99999.0,1,0,1.0,0
TXN4000249,2025-10-11 09:25:11,CUST100182,CARD200002,Merchant_102,Travel,IN,10.0.45.42,iOS,1.0,Success,2025-04-09 15:27:44,266037.45,1,0,0.01,0
TXN4000165,2025-10-11 12:30:30,CUST100060,CARD200077,Merchant_047,Dining,IN,10.0.61.142,Android,11.42,Success,,99999.0,1,0,1.0,0
TXN4000004,2025-10-11 17:27:41,CUST100014,CARD200220,Merchant_054,Fashion,IN,10.0.20.176,Web,17.04,Success,,99999.0,1,0,1.0,0
TXN4000122,2025-10-12 10:44:52,CUST100011,CARD200000,Merchant_157,Electronics,IN,10.0.80.208,Android,103.57,Success,2024-04-12 16:39:19,788765.55,1,0,2.41,0
TXN4000315,2025-10-12 18:43:05,CUST100112,CARD200083,Merchant_158,Gaming,IN,10.0.67.46,Android,3.5,Success,,99999.0,1,0,1.0,0
TXN4000049,2025-10-14 16:48:03,CUST100073,CARD200112,Merchant_101,Gaming,IN,10.0.28.193,Web,84.48,Success,2024-11-19 21:15:22,473492.68333333335,1,0,1.19,0
TXN4000329,2025-10-14 19:10:32,CUST100144,CARD200291,Merchant_105,Utilities,IN,10.0.82.45,iOS,20.17,Success,2025-04-25 17:43:42,247766.83333333334,1,0,0.53,0
TXN4000324,2025-10-15 08:48:04,CUST100029,CARD200216,Merchant_174,Entertainment,IN,10.0.73.86,Android,33.45,Success,,99999.0,1,0,1.0,0
TXN4000239,2025-10-19 03:12:42,CUST100107,CARD200235,Merchant_013,Electronics,IN,10.0.54.37,Android,6.41,Success,,99999.0,1,0,0.37,0
TXN4000067,2025-10-20 18:32:46,CUST100194,CARD200085,Merchant_097,Dining,IN,10.0.10.79,POS,26.63,Success,2023-06-07 17:36:41,1247096.0833333333,1,0,0.74,0
TXN4000348,2025-10-23 07:47:27,CUST100135,CARD200278,Merchant_039,Utilities,IN,10.0.74.101,iOS,89.78,Success,,99999.0,1,0,1.0,0
TXN4000108,2025-10-29 01:17:30,CUST100095,CARD200092,Merchant_180,Travel,IN,10.0.86.29,iOS,43.88,Success,2025-03-03 02:27:50,345529.6666666667,1,0,1.89,0
TXN4000357,2025-10-30 00:40:00,CUST100156,CARD200109,Merchant_171,Dining,IN,10.0.75.8,Android,10.5,Success,,99999.0,1,0,1.0,1
TXN4000107,2025-10-30 02:03:32,CUST100048,CARD200072,Merchant_051,Fashion,GB,52.88.40,Android,45.94,Success,2023-04-03 13:34:45,1354348.7833333334,1,1,0.94,0
TXN4000053,2025-10-30 15:10:24,CUST100107,CARD200235,Merchant_078,Travel,IN,10.0.3.206,Web,27.94,Success,2025-10-19 03:12:42,16557.7,1,0,1.63,0
TXN4000091,2025-10-31 03:43:48,CUST100157,CARD200230,Merchant_163,Grocery,IN,10.0.41.217,Web,19.92,Success,2023-06-11 14:32:49,1256470.9833333334,1,0,0.57,0
